ISO	Language	Country
AD	AR	أندورا
AD	CA	Andorra
AD	DE	Andorra
AD	EN	Andorra
AD	ES	Andorra
AD	FR	Andorre
AD	IT	Andorra
AD	PT	Andorra
AD	RU	Андорра
AD	XX	Principat d'Andorra
AD	ZH	安道​​爾
AE	AR	الامارات العربية المتحدة
AE	CA	Unió dels Emirats Àrabs
AE	DE	Vereinigte Arabische Emirate
AE	EN	United Arab Emirates
AE	ES	Emiratos Árabes Unidos
AE	FR	Émirats Arabes Unis
AE	IT	Emirati Arabi Uniti
AE	PT	Emirados Árabes Unidos
AE	RU	Объединенные Арабские Эмираты
AE	XX	Dawlat al-Imārāt al-‘Arabīyah al-Muttaḥidah
AE	ZH	阿拉伯聯合酋長國
AF	AR	أفغانستان
AF	CA	Afganistan
AF	DE	Afghanistan
AF	EN	Afghanistan
AF	ES	Afganistán
AF	FA	جمهوری اسلامی افغانستان
AF	FR	Afghanistan
AF	IT	Afghanistan
AF	PT	Afeganistão
AF	RU	Афганистан
AF	XX	Jomhūrī-ye Eslāmī-ye Afġānistān
AF	ZH	阿富汗
AG	AR	انتيغوا وبربودا
AG	CA	Antigua i Barbuda
AG	DE	Antigua und Barbuda
AG	EN	Antigua and Barbuda
AG	ES	Antigua y Barbuda
AG	FR	Antigua Et Barbuda
AG	IT	Antigua e Barbuda
AG	PT	Antígua e Barbuda
AG	RU	Антигуа и Барбуда
AG	XX	Antigua and Barbuda
AG	ZH	安提瓜和巴布達
AI	AR	أنغيلا
AI	CA	Anguilla
AI	DE	Anguilla
AI	EN	Anguilla
AI	ES	Anguila
AI	FR	Anguilla
AI	IT	Anguilla
AI	PT	Anguila
AI	RU	Ангилья
AI	XX	British Overseas Territory of Anguilla
AI	ZH	安圭拉
AL	AR	ألبانيا
AL	CA	Albània
AL	DE	Albanien
AL	EN	Albania
AL	ES	Albania
AL	FR	Albanie
AL	IT	Albania
AL	PT	Albânia
AL	RU	Албания
AL	SQ	Shqipërisë
AL	XX	Republika e Shqipërisë
AL	ZH	阿爾巴尼亞
AM	AR	أرمينيا
AM	CA	Armènia
AM	DE	Armenien
AM	EN	Armenia
AM	ES	Armenia
AM	FR	Arménie
AM	HY	Հայաստանի Հանրապետություն
AM	IT	Armenia
AM	PT	Armênia
AM	RU	Армения
AM	XX	Hayastani Hanrapetut‘yun
AM	ZH	亞美尼亞
AN	AR	جزر الأنتيل الهولندية
AN	CA	Antilles Holandeses
AN	DE	Niederländische Antillen
AN	EN	Netherlands Antilles
AN	ES	Antillas Holandesas
AN	FR	Antilles Néerlandaises
AN	IT	Antille Olandesi
AN	NL	Nederlandse Antillen
AN	PT	Antilhas Holandesas
AN	RU	Нидерландские Антильские острова
AN	XX	Antias Hulandes
AN	ZH	荷屬安的列斯
AO	AR	أنغولا
AO	CA	Angola
AO	DE	Angola
AO	EN	Angola
AO	ES	Angola
AO	FR	Angola
AO	IT	Angola
AO	PT	Angola
AO	RU	Ангола
AO	XX	República de Angola
AO	ZH	安哥拉
AQ	AR	القارة القطبية الجنوبية
AQ	CA	Antàrtida
AQ	DE	Antarktika
AQ	EN	Antarctica
AQ	ES	Antártida
AQ	FR	Antarctique
AQ	IT	Antartide
AQ	PT	Antártica
AQ	RU	Антарктида
AQ	XX	Antártica
AQ	ZH	南極洲
AR	AR	الأرجنتين
AR	CA	Argentina
AR	DE	Argentinien
AR	EN	Argentine
AR	ES	Argentina
AR	FR	Argentine
AR	IT	Argentina
AR	PT	Argentina
AR	RU	Аргентина
AR	XX	República Argentina
AR	ZH	阿根廷
AS	AR	ساموا الأمريكية
AS	CA	Samoa Americana
AS	DE	Amerikanisch-Samoa
AS	EN	American Samoa
AS	ES	Samoa Americana
AS	FR	Samoa Américaines
AS	IT	American Samoa
AS	PT	Samoa Americana
AS	RU	Американское Самоа
AS	XX	Amerika Sāmoa / Sāmoa Amelika
AS	ZH	美屬薩摩亞
AT	AR	النمسا
AT	CA	Àustria
AT	DE	Österreich
AT	EN	Austria
AT	ES	Austria
AT	FR	Autriche
AT	IT	Austria
AT	PT	Áustria
AT	RU	Австрия
AT	XX	Republik Österreich
AT	ZH	奧地利
AU	AR	أستراليا
AU	CA	Austràlia
AU	DE	Australien
AU	EN	Australia
AU	ES	Australia
AU	FR	Australie
AU	IT	Australia
AU	PT	Austrália
AU	RU	Австралия
AU	XX	Commonwealth of Australia
AU	ZH	澳大利亞
AW	AR	أروبا
AW	CA	Aruba
AW	DE	Aruba
AW	EN	Aruba
AW	ES	Aruba
AW	FR	Aruba
AW	IT	Aruba
AW	NL	Aruba
AW	PT	Aruba
AW	RU	Аруба
AW	XX	Aruba
AW	ZH	阿魯巴
AX	AR	آلاند جزر
AX	CA	Les Illes Åland
AX	DE	Åland-Inseln
AX	EN	Åland Islands
AX	ES	Islas Åland
AX	FR	Åland, Îles
AX	IT	Isole Åland
AX	PT	Ilhas Åland
AX	RU	Аландские острова
AX	SV	Åland Islands
AX	XX	Landskapet Åland
AX	ZH	奧蘭群島
AZ	AR	أذربيجان
AZ	AZ	Azərbaycan
AZ	CA	Azerbaidjan
AZ	DE	Aserbaidschan
AZ	EN	Azerbaijan
AZ	ES	Azerbaiyán
AZ	FR	Azerbaïdjan
AZ	IT	Azerbaijan
AZ	PT	Azerbaijão
AZ	RU	Азербайджан
AZ	XX	Azərbaycan – Azərbaycan Respublikası
AZ	ZH	阿塞拜疆
BA	AR	البوسنة والهرسك
BA	BS	Босна и Херцеговина
BA	CA	Bòsnia i Hercegovina
BA	DE	Bosnien und Herzegowina
BA	EN	Bosnia and Herzegovina
BA	ES	Bosnia y Herzegovina
BA	FR	Bosnie-Herzégovine
BA	IT	Bosnia-Erzegovina
BA	PT	Bósnia e Herzegovina
BA	RU	Босния и Герцеговина
BA	XX	Босна и Херцеговина
BA	ZH	波斯尼亞和黑塞哥維那
BB	AR	بربادوس
BB	CA	Barbados
BB	DE	Barbados
BB	EN	Barbados
BB	ES	Barbados
BB	FR	Barbade
BB	IT	Barbados
BB	PT	Barbados
BB	RU	Барбадос
BB	XX	
BB	ZH	巴巴多斯
BD	AR	بنجلاديش
BD	BN	গণপ্রজাতন্ত্রী বাংলাদেশ
BD	CA	Bangla Desh
BD	DE	Bangladesch
BD	EN	Bangladesh
BD	ES	Bangladesh
BD	FR	Bangladesh
BD	IT	Bangladesh
BD	PT	Bangladesh
BD	RU	Бангладеш
BD	XX	গণপ্রজাতন্ত্রী বাংলাদেশ
BD	ZH	孟加拉國
BE	AR	بلجيكا
BE	CA	Bèlgica
BE	DE	Belgien
BE	EN	Belgium
BE	ES	Bélgica
BE	FR	Belgique
BE	IT	Belgio
BE	NL	België
BE	PT	Bélgica
BE	RU	Бельгия
BE	XX	Koninkrijk België
BE	ZH	比利時
BF	AR	بوركينا فاسو
BF	CA	Burkina Faso
BF	DE	Burkina Faso
BF	EN	Burkina Faso
BF	ES	Burkina Faso
BF	FR	Burkina Faso
BF	IT	Burkina Faso
BF	PT	Burkina Faso
BF	RU	Буркина-Фасо
BF	XX	
BF	ZH	布基納法索
BG	AR	بلغاريا
BG	BG	България
BG	CA	Bulgària
BG	DE	Bulgarien
BG	EN	Bulgaria
BG	ES	Bulgaria
BG	FR	Bulgarie
BG	IT	Bulgaria
BG	PT	Bulgária
BG	RU	Болгария
BG	XX	
BG	ZH	保加利亞
BH	AR	البحرين
BH	CA	Bahrain
BH	DE	Bahrein
BH	EN	Bahrain
BH	ES	Bahrein
BH	FR	Bahreïn
BH	IT	Bahrain
BH	PT	Bahrein
BH	RU	Бахрейн
BH	XX	
BH	ZH	巴林
BI	AR	بوروندي
BI	CA	Burundi
BI	DE	Burundi
BI	EN	Burundi
BI	ES	Burundi
BI	FR	Burundi
BI	IT	Burundi
BI	PT	Burundi
BI	RU	Бурунди
BI	XX	
BI	ZH	布隆迪
BJ	AR	بنين
BJ	CA	Benín
BJ	DE	Benin
BJ	EN	Benin
BJ	ES	Benin
BJ	FR	Bénin
BJ	IT	Benin
BJ	PT	Benim
BJ	RU	Бенин
BJ	XX	
BJ	ZH	貝寧
BL	AR	سانت بارتيليمي
BL	CA	Saint-Barthélemy
BL	DE	Saint Barthélemy
BL	EN	Saint Barthelme
BL	ES	Saint-Barthélemy
BL	FR	Saint-Barthélemy
BL	IT	Saint-Barthélemy
BL	PT	Saint-Barthélemy
BL	RU	Сен-Бартельми
BL	XX	Collectivité de Saint-Barthélemy
BL	ZH	聖巴泰勒米
BM	AR	برمودا
BM	CA	Bermuda
BM	DE	Bermuda
BM	EN	Bermuda
BM	ES	Bermuda
BM	FR	Bermudes
BM	IT	Bermuda
BM	PT	Bermudas
BM	RU	Бермудские острова
BM	XX	
BM	ZH	百慕大
BN	AR	بروناي دار السلام
BN	CA	Brunei
BN	DE	Brunei Darussalam
BN	EN	Brunei Darussalam
BN	ES	Brunei Darussalam
BN	FR	Brunéi Darussalam
BN	IT	Brunei Darussalam
BN	MS	نڬارا بروني دارالسلام
BN	PT	Brunei Darussalam
BN	RU	Бруней-Даруссалам
BN	XX	
BN	ZH	文萊
BO	AR	بوليفيا
BO	CA	Bolívia
BO	DE	Bolivien
BO	EN	Bolivia
BO	ES	Bolivia
BO	FR	Bolivie
BO	IT	Bolivia
BO	PT	Bolívia
BO	RU	Боливия
BO	XX	
BO	ZH	玻利維亞
BQ	EN	Bonaire, Sint Eustatius, Saba
BQ	ES	Bonaire, San Eustaquio, Saba
BQ	FR	Bonaire, Saint Eustache, Saba
BQ	IT	Bonaire, Sint Eustatius, Saba
BQ	NL	Boneiru
BQ	PT	Bonaire, Santo Eustáquio e Saba
BR	AR	البرازيل
BR	CA	Brasil
BR	DE	Brasilien
BR	EN	Brazil
BR	ES	Brasil
BR	FR	Brésil
BR	IT	Brasile
BR	PT	Brasil
BR	RU	Бразилия
BR	XX	
BR	ZH	巴西
BS	AR	جزر البهاما
BS	CA	Les Bahames
BS	DE	Bahamas
BS	EN	Bahamas
BS	ES	Bahamas
BS	FR	Bahamas
BS	IT	Bahamas
BS	PT	Bahamas
BS	RU	Багамские острова
BS	XX	
BS	ZH	巴哈馬
BT	AR	بوتان
BT	CA	Bhutan
BT	DE	Bhutan
BT	DZ	འབྲུག་རྒྱལ་ཁབ
BT	EN	Bhutan
BT	ES	Bután
BT	FR	Bhoutan
BT	IT	Bhutan
BT	PT	Butão
BT	RU	Бутан
BT	XX	
BT	ZH	不丹
BV	AR	جزيرة بوفيه
BV	CA	Illa Bouvet
BV	DE	Bouvet-Insel
BV	EN	Bouvet Island
BV	ES	Isla Bouvet
BV	FR	Bouvet, Île
BV	IT	Isola Bouvet
BV	NO	Bouvetøya
BV	PT	Ilha Bouvet
BV	RU	Буве
BV	XX	
BV	ZH	布維島
BW	AR	بوتسوانا
BW	CA	Botswana
BW	DE	Botswana
BW	EN	Botswana
BW	ES	Botswana
BW	FR	Botswana
BW	IT	Botswana
BW	PT	Bostuana
BW	RU	Ботсвана
BW	XX	
BW	ZH	博茨瓦納
BY	AR	روسيا البيضاء
BY	BE	Рэспубліка Беларусь
BY	CA	Bielorússia
BY	DE	Weißrussland
BY	EN	Belarus
BY	ES	Belarús
BY	FR	Bélarus
BY	IT	Bielorussia
BY	PT	Belarus
BY	RU	Беларусь
BY	XX	
BY	ZH	白俄羅斯
BZ	AR	بليز
BZ	CA	Belize
BZ	DE	Belize
BZ	EN	Belize
BZ	ES	Belice
BZ	FR	Belize
BZ	IT	Belize
BZ	PT	Belize
BZ	RU	Белиз
BZ	XX	
BZ	ZH	伯利茲
CA	AR	كندا
CA	CA	Canadà
CA	DE	Kanada
CA	EN	Canada
CA	ES	Canadá
CA	FR	Canada
CA	IT	Canada
CA	PT	Canadá
CA	RU	Канада
CA	XX	
CA	ZH	加拿大
CC	AR	كوكوس (كيلينغ)
CC	CA	Illes Cocos (Keeling)
CC	DE	Cocos (Keeling) Inseln
CC	EN	Cocos (Keeling) Islands
CC	ES	Islas Cocos (Keeling)
CC	FR	Cocos (Keeling), Îles
CC	IT	Cocos (Keeling)
CC	MS	Kepulauan Cocos
CC	PT	Ilhas Cocos (Keeling)
CC	RU	Кокосовые (Килинг) острова
CC	XX	
CC	ZH	科科斯（基林）群島
CD	AR	الديمقراطية جمهورية الكونغو
CD	CA	Congo DR
CD	DE	Kongo DR
CD	EN	Congo DR
CD	ES	Congo RD
CD	FR	Congo RD
CD	IT	Congo RD
CD	PT	República Democrática do Congo
CD	RU	Демократической Республике Конго
CD	XX	
CD	ZH	剛果民主共和國
CF	AR	جمهورية افريقيا الوسطى
CF	CA	República Centreafricana
CF	DE	Zentralafrikanische Republik
CF	EN	Central African Republic
CF	ES	República Centroafricana
CF	FR	Centrafricaine, République
CF	IT	Repubblica Centrafricana
CF	PT	República Centro-Africana
CF	RU	Центрально-Африканская Республика
CF	XX	
CF	ZH	中非共和國
CG	AR	جمهورية الكونغو (برازافيل)
CG	CA	Congo (Brazzaville)
CG	DE	Kongo (Brazzaville)
CG	EN	Congo (Brazzville)
CG	ES	Congo (Brazzaville)
CG	FR	Congo
CG	IT	Congo (Brazzaville)
CG	PT	Congo (Brazzaville)
CG	RU	Республика Конго (Браззавиль)
CG	XX	
CG	ZH	剛果共和國（布拉柴維爾）
CH	AR	سويسرا
CH	CA	Suïssa
CH	DE	Schweiz
CH	EN	Switzerland
CH	ES	Suiza
CH	FR	Suisse
CH	IT	Svizzera
CH	PT	Suíça
CH	RU	Швейцария
CH	XX	
CH	ZH	瑞士
CI	AR	كوت ديفوار
CI	CA	Costa d'Ivori
CI	DE	Côte d'Ivoire
CI	EN	Ivory Coast
CI	ES	Costa de Marfil
CI	FR	Côte D'Ivoire
CI	IT	Costa D'Avorio
CI	PT	Costa do Marfim
CI	RU	Кот-д'Ивуар
CI	XX	
CI	ZH	科特迪瓦
CK	AR	جزر كوك
CK	CA	Les Illes Cook
CK	DE	Cook-Inseln
CK	EN	Cook Islands
CK	ES	Islas Cook
CK	FR	Îles Cook
CK	IT	Cook Islands
CK	PT	Ilhas Cook
CK	RU	Острова Кука
CK	XX	
CK	ZH	庫克群島
CL	AR	تشيلي
CL	CA	Xile
CL	DE	Chile
CL	EN	Chile
CL	ES	Chile
CL	FR	Chili
CL	IT	Chile
CL	PT	Chile
CL	RU	Чили
CL	XX	
CL	ZH	智利
CM	AR	الكاميرون
CM	CA	Camerun
CM	DE	Kamerun
CM	EN	Cameroon
CM	ES	Camerún
CM	FR	Cameroun
CM	IT	Camerun
CM	PT	Camarões
CM	RU	Камерун
CM	XX	
CM	ZH	喀麥隆
CN	AR	الصين
CN	CA	Xina
CN	DE	China
CN	EN	China
CN	ES	China
CN	FR	Chine
CN	IT	Porcellana
CN	PT	China
CN	RU	Китай
CN	XX	
CN	ZH	中國
CO	AR	كولومبيا
CO	CA	Colòmbia
CO	DE	Kolumbien
CO	EN	Colombia
CO	ES	Colombia
CO	FR	Colombie
CO	IT	Colombia
CO	PT	Colombia
CO	RU	Колумбия
CO	XX	Colombia
CO	ZH	哥倫比亞
CP	AR	وهي حيازة وراء
CP	CA	Illa Clipperton
CP	EN	Clipperton Island
CP	ES	Isla de la Pasión
CP	FR	Île de Clipperton
CP	IT	L'isola di Clipperton
CP	PT	Ilha de Clipperton
CP	RU	Кли́ппертон
CP	XX	Île de Clipperton
CR	AR	كوستاريكا
CR	CA	Costa Rica
CR	DE	Costa Rica
CR	EN	Costa Rica
CR	ES	Costa Rica
CR	FR	Costa Rica
CR	IT	Costarica
CR	PT	Costa Rica
CR	RU	Коста-Рика
CR	XX	
CR	ZH	哥斯達黎加
CU	AR	كوبا
CU	CA	Cuba
CU	DE	Kuba
CU	EN	Cuba
CU	ES	Cuba
CU	FR	Cuba
CU	IT	Cuba
CU	PT	Cuba
CU	RU	Куба
CU	XX	
CU	ZH	古巴
CV	AR	الرأس الأخضر
CV	CA	Cap Verd
CV	DE	Kap Verde
CV	EN	Cape Verde
CV	ES	Cabo Verde
CV	FR	Cap-Vert
CV	IT	Capo Verde
CV	PT	Cabo Verde
CV	RU	Кабо-Верде
CV	XX	
CV	ZH	佛得角
CW	EN	Curacao
CW	ES	Curaçao
CW	FR	Curaçao
CW	IT	Curaçao
CW	NL	Curaçao
CW	PT	Curaçao
CX	AR	جزيرة الكريسماس
CX	CA	Illa Christmas
CX	DE	Christmas Island
CX	EN	Christmas Island
CX	ES	Isla de Navidad
CX	FR	Île Christmas
CX	IT	Isola di Natale
CX	PT	Ilha do Natal
CX	RU	Остров Рождества
CX	XX	
CX	ZH	聖誕島
CY	AR	قبرص
CY	CA	Xipre
CY	DE	Zypern
CY	EL	ΚΥΠΡΟΣ
CY	EN	Cyprus
CY	ES	Chipre
CY	FR	Chypre
CY	IT	Cipro
CY	PT	Chipre
CY	RU	Кипр
CY	XX	Κυπριακή Δημοκρατία
CY	ZH	塞浦路斯
CZ	AR	جمهورية التشيك
CZ	CA	La República Txeca
CZ	CS	Česká republika
CZ	DE	Tschechische Republik
CZ	EN	Czech Republic
CZ	ES	República Checa
CZ	FR	Tchèque, République
CZ	IT	Repubblica Ceca
CZ	PT	República Tcheca
CZ	RU	Чешская республика
CZ	XX	
CZ	ZH	捷克共和國
DE	AR	ألمانيا
DE	CA	Alemanya
DE	DE	Deutschland
DE	EN	Germany
DE	ES	Alemania
DE	FR	Allemagne
DE	IT	Germania
DE	PT	Alemanha
DE	RU	Германия
DE	XX	
DE	ZH	德國
DJ	AR	جيبوتي
DJ	CA	Djibouti
DJ	DE	Dschibuti
DJ	EN	Djibouti
DJ	ES	Yibuti
DJ	FR	Djibouti
DJ	IT	Gibuti
DJ	PT	Djibuti
DJ	RU	Джибути
DJ	XX	
DJ	ZH	吉布提
DK	AR	الدنمارك
DK	CA	Dinamarca
DK	DA	Danmark
DK	DE	Dänemark
DK	EN	Denmark
DK	ES	Dinamarca
DK	FR	Danemark
DK	IT	Danimarca
DK	PT	Dinamarca
DK	RU	Дания
DK	XX	
DK	ZH	丹麥
DM	AR	دومينيكا
DM	CA	Dominica
DM	DE	Dominica
DM	EN	Dominica
DM	ES	Dominica
DM	FR	Dominique
DM	IT	Dominica
DM	PT	Dominica
DM	RU	Доминика
DM	XX	
DM	ZH	多米尼克
DO	AR	جمهورية الدومينيكان
DO	CA	República Dominicana
DO	DE	Dominikanische Republik
DO	EN	Dominican Republic
DO	ES	República Dominicana
DO	FR	République Dominicaine
DO	IT	Repubblica Dominicana
DO	PT	República Dominicana
DO	RU	Доминиканская Республика
DO	XX	
DO	ZH	多米尼加共和國
DZ	AR	الجزائر
DZ	CA	Algèria
DZ	DE	Algerien
DZ	EN	Algeria
DZ	ES	Argelia
DZ	FR	Algérie
DZ	IT	Algeria
DZ	PT	Argélia
DZ	RU	Алжир
DZ	XX	
DZ	ZH	阿爾及利亞
EC	AR	الاكوادور
EC	CA	Equador
EC	DE	Ecuador
EC	EN	Ecuador
EC	ES	Ecuador
EC	FR	Équateur
EC	IT	Ecuador
EC	PT	Equador
EC	RU	Эквадор
EC	XX	
EC	ZH	厄瓜多爾
EE	AR	استونيا
EE	CA	Estònia
EE	DE	Estland
EE	EN	Estonia
EE	ES	Estonia
EE	ET	Eesti Vabariik
EE	FR	Estonie
EE	IT	Estonia
EE	PT	Estônia
EE	RU	Эстония
EE	XX	Eesti Vabariik
EE	ZH	愛沙尼亞
EG	AR	مصر
EG	CA	Egipte
EG	DE	Ägypten
EG	EN	Egypt
EG	ES	Egipto
EG	FR	Égypte
EG	IT	Egitto
EG	PT	Egito
EG	RU	Египет
EG	XX	
EG	ZH	埃及
EH	AR	الصحراء الغربية
EH	CA	El Sàhara Occidental
EH	DE	Westsahara
EH	EN	Sahrawi Arab
EH	ES	Sáhara Occidental
EH	FR	Sahara Occidental
EH	IT	Sahara occidentale
EH	PT	Saara Ocidental
EH	RU	Западная Сахара
EH	XX	Sahrawi Arab Democratic Republic
EH	ZH	西撒哈拉
ER	AA	ሃገረ ኤርትራ 
ER	AR	اريتريا
ER	CA	Eritrea
ER	DE	Eritrea
ER	EN	Eritrea
ER	ES	Eritrea
ER	FR	Érythrée
ER	IT	Eritrea
ER	PT	Eritrea
ER	RU	Эритрея
ER	XX	
ER	ZH	厄立特里亞
ES	AR	إسبانيا
ES	CA	Espanya
ES	DE	Spanien
ES	EN	Spain
ES	ES	España
ES	EU	Espainia
ES	FR	Espagne
ES	GA	España
ES	IT	Spagna
ES	PT	Espanha
ES	RU	Испания
ES	XX	Reino de España
ES	ZH	西班牙
ET	AM	የኢትዮጵያ ፌዴራላዊ ዴሞክራሲያዊ
ET	AR	أثيوبيا
ET	CA	Etiòpia
ET	DE	Äthiopien
ET	EN	Ethiopia
ET	ES	Etiopía
ET	FR	Éthiopie
ET	IT	Etiopia
ET	PT	Etiópia
ET	RU	Эфиопия
ET	XX	የኢትዮጵያ ፌዴራላዊ ዴሞክራሲያዊ
ET	ZH	埃塞俄比亞
FI	AR	فنلندا
FI	CA	Finlàndia
FI	DE	Finnland
FI	EN	Finland
FI	ES	Finlandia
FI	FI	Finland
FI	FR	Finlande
FI	IT	Finlandia
FI	PT	Finlândia
FI	RU	Финляндия
FI	SV	Suomi
FI	XX	
FI	ZH	芬蘭
FJ	AR	فيجي
FJ	CA	Fiji
FJ	DE	Fidschi
FJ	EN	Fiji
FJ	ES	Fiyi
FJ	FR	Fidji
FJ	IT	Fiji
FJ	PT	Fiyi
FJ	RU	Фиджи
FJ	XX	
FJ	ZH	斐
FK	AR	جزر فوكلاند (مالفيناس)
FK	CA	Illes Malvines (Falkland)
FK	DE	Falklandinseln (Malvinas)
FK	EN	Falkland Islands (Malvinas)
FK	ES	Islas Malvinas (Falkland)
FK	FR	Falkland (Malvinas)
FK	IT	Isole Falkland (Malvinas)
FK	PT	Ilhas Falkland (Malvinas)
FK	RU	Фолклендские (Мальвинские) острова
FK	XX	
FK	ZH	福克蘭群島（馬爾維納斯）
FM	AR	ميكرونيزيا
FM	CA	Micronèsia
FM	DE	Mikronesien
FM	EN	Micronesia
FM	ES	Micronesia
FM	FR	Micronésie
FM	IT	Micronesia
FM	PT	Micronésia
FM	RU	Микронезия
FM	XX	Federated States of Micronesia
FM	ZH	密克羅尼西亞
FO	AR	جزر فارو
FO	CA	Les Illes Fèroe
FO	DE	Färöer-Inseln
FO	EN	Faroe Islands
FO	ES	Islas Feroe
FO	FO	Føroyar
FO	FR	Féroé, Îles
FO	IT	Isole Fær Øer
FO	PT	Ilhas Faroé
FO	RU	Фарерские острова
FO	XX	Føroyar
FO	ZH	法羅群島
FR	AR	فرنسا
FR	CA	França
FR	DE	Frankreich
FR	EN	France
FR	ES	Francia
FR	FR	France
FR	IT	Francia
FR	PT	França
FR	RU	Франция
FR	XX	
FR	ZH	法國
GA	AR	الجابون
GA	CA	Gabon
GA	DE	Gabun
GA	EN	Gabon
GA	ES	Gabón
GA	FR	Gabon
GA	IT	Gabon
GA	PT	Gabão
GA	RU	Габон
GA	XX	
GA	ZH	加蓬
GB	AR	المملكة المتحدة
GB	CA	Regne Unit
GB	DE	Vereinigtes Königreich
GB	EN	United Kingdom
GB	ES	Reino Unido
GB	FR	Royaume-Uni
GB	IT	Regno Unito
GB	PT	Reino Unido
GB	RU	Великобритания
GB	XX	
GB	ZH	聯合王國
GD	AR	غرينادا
GD	CA	Granada
GD	DE	Grenada
GD	EN	Grenada
GD	ES	Granada
GD	FR	Grenade
GD	IT	Grenada
GD	PT	Granada
GD	RU	Гренада
GD	XX	
GD	ZH	格林納達
GE	AR	جورجيا
GE	CA	Geòrgia
GE	DE	Georgien
GE	EN	Georgia
GE	ES	Georgia
GE	FR	Géorgie
GE	IT	Georgia
GE	KA	საქართველო
GE	PT	Geórgia
GE	RU	Грузия
GE	XX	
GE	ZH	格魯吉亞
GF	AR	جويانا الفرنسية
GF	CA	Francès de Guaiana
GF	DE	Französisch-Guayana
GF	EN	French Guiana
GF	ES	Guayana Francesa
GF	FR	Guyane Française
GF	IT	Guyana Francese
GF	PT	Guiana Francesa
GF	RU	Французская Гвиана
GF	XX	Guyane
GF	ZH	法屬圭亞那
GG	AR	غيرنسي
GG	CA	Guernsey
GG	DE	Guernsey
GG	EN	Guernsey
GG	ES	Guernesey
GG	FR	Guernesey
GG	IT	Maglione
GG	PT	Guernesey
GG	RU	Шерстяная фуфайка
GG	XX	Bailiwick of Guernsey
GG	ZH	格恩西
GH	AR	غانا
GH	CA	Ghana
GH	DE	Ghana
GH	EN	Ghana
GH	ES	Ghana
GH	FR	Ghana
GH	IT	Ghana
GH	PT	Gana
GH	RU	Гана
GH	XX	
GH	ZH	加納
GI	AR	جبل طارق
GI	CA	Gibraltar
GI	DE	Gibraltar
GI	EN	Gibraltar
GI	ES	Gibraltar
GI	FR	Gibraltar
GI	IT	Gibilterra
GI	PT	Gibraltar
GI	RU	Гибралтар
GI	XX	
GI	ZH	直布羅陀
GL	AR	غرينلاند
GL	CA	Groenlàndia
GL	DA	Grønland
GL	DE	Grönland
GL	EN	Greenland
GL	ES	Groenlandia
GL	FR	Groenland
GL	IT	Groenlandia
GL	KL	Kalaallit Nunaat
GL	PT	Groenlândia
GL	RU	Гренландия
GL	XX	
GL	ZH	格陵蘭
GM	AR	غامبيا
GM	CA	Gàmbia
GM	DE	Gambia
GM	EN	Gambia
GM	ES	Gambia
GM	FR	Gambie
GM	IT	Gambia
GM	PT	Gâmbia
GM	RU	Гамбия
GM	XX	
GM	ZH	岡比亞
GN	AR	غينيا
GN	CA	Guinea
GN	DE	Guinea
GN	EN	Guinea
GN	ES	Guinea
GN	FR	Guinée
GN	IT	Guinea
GN	PT	Guiné
GN	RU	Гвинея
GN	XX	
GN	ZH	幾內亞
GP	AR	جوادلوب
GP	CA	Guadalupe
GP	DE	Guadeloupe
GP	EN	Guadeloupe
GP	ES	Guadalupe
GP	FR	Guadeloupe
GP	IT	Guadeloupe
GP	PT	Guadalupe
GP	RU	Гваделупа
GP	XX	Îles de Guadeloupe
GP	ZH	瓜德羅普島
GQ	AR	غينيا الاستوائية
GQ	CA	Guinea Equatorial
GQ	DE	Äquatorial-Guinea
GQ	EN	Equatorial Guinea
GQ	ES	Guinea Ecuatorial
GQ	FR	Guinée Équatoriale
GQ	IT	Guinea equatoriale
GQ	PT	Guiné Equatorial
GQ	RU	Экваториальная Гвинея
GQ	XX	
GQ	ZH	赤道幾內亞
GR	AR	يونان
GR	CA	Grècia
GR	DE	Griechenland
GR	EL	Ελληνική Δημοκρατία
GR	EN	Greece
GR	ES	Grecia
GR	FR	Grèce
GR	IT	Grecia
GR	PT	Grécia
GR	RU	Греция
GR	XX	Ελληνική Δημοκρατία
GR	ZH	希臘
GS	AR	جورجيا الجنوبية وجزر ساندويتش الجنوبية
GS	CA	Geòrgia i Illes Sandwich
GS	DE	Südgeorgien und Sandwichinseln
GS	EN	South Georgia & Sandwich
GS	ES	Georgia  e Islas Sandwich
GS	FR	Géorgie Et Îles Sandwich
GS	IT	Georgia e Sandwich
GS	PT	Geórgia e Sandwich
GS	RU	Южная Джорджия и Южные Сандвичевы острова
GS	XX	
GS	ZH	南喬治亞島和南桑威奇群島
GT	AR	غواتيمالا
GT	CA	Guatemala
GT	DE	Guatemala
GT	EN	Guatemala
GT	ES	Guatemala
GT	FR	Guatemala
GT	IT	Guatemala
GT	PT	Guatemala
GT	RU	Гватемала
GT	XX	
GT	ZH	危地馬拉
GU	AR	غوام
GU	CA	Guam
GU	DE	Guam
GU	EN	Guam
GU	ES	Guam
GU	FR	Guam
GU	IT	Guam
GU	PT	Guam
GU	RU	Гуам
GU	XX	Guåhan
GU	ZH	關島
GW	AR	غينيا بيساو
GW	CA	Guinea Bissau
GW	DE	Guinea-Bissau
GW	EN	Guinea-Bissau
GW	ES	Guinea-Bissau
GW	FR	Guinée-Bissau
GW	IT	Guinea-Bissau
GW	PT	Guiné-Bissau
GW	RU	Гвинея-Бисау
GW	XX	
GW	ZH	幾內亞比紹
GY	AR	غيانا
GY	CA	Guaiana
GY	DE	Guyana
GY	EN	Guyana
GY	ES	Guayana
GY	FR	Guyana
GY	IT	Guyana
GY	PT	Guiana
GY	RU	Гайана
GY	XX	
GY	ZH	圭亞那
HK	AR	هونج كونج
HK	CA	Hong Kong
HK	DE	Hongkong
HK	EN	Hong Kong
HK	ES	Hong Kong
HK	FR	Hong-Kong
HK	IT	Hong Kong
HK	PT	Hong Kong
HK	RU	Гонконг
HK	XX	
HK	ZH	香港
HM	AR	جزيرة هيرد وجزر ماكدونالد
HM	CA	Illes Heard i McDonald
HM	DE	Heard-und McDonald
HM	EN	Heard and McDonald
HM	ES	Heard y McDonald
HM	FR	Heard, Île Et McDonald
HM	IT	Isole Heard e McDonald
HM	PT	Heard e Ilhas McDonald
HM	RU	Остров Херд и острова Макдональд
HM	XX	
HM	ZH	赫德島和麥當勞群島
HN	AR	هندوراس
HN	CA	Hondures
HN	DE	Honduras
HN	EN	Honduras
HN	ES	Honduras
HN	FR	Honduras
HN	IT	Honduras
HN	PT	Honduras
HN	RU	Гондурас
HN	XX	
HN	ZH	洪都拉斯
HR	AR	كرواتيا
HR	CA	Croàcia
HR	DE	Kroatien
HR	EN	Croatia
HR	ES	Croacia
HR	FR	Croatie
HR	HR	Hrvatska
HR	IT	Croazia
HR	PT	Croácia
HR	RU	Хорватия
HR	XX	
HR	ZH	克羅地亞
HT	AR	هايتي
HT	CA	Haití
HT	DE	Haiti
HT	EN	Haiti
HT	ES	Haití
HT	FR	Haïti
HT	IT	Haiti
HT	PT	Haiti
HT	RU	Гаити
HT	XX	
HT	ZH	海地
HU	AR	هنغاريا
HU	CA	Hongria
HU	DE	Ungarn
HU	EN	Hungary
HU	ES	Hungría
HU	FR	Hongrie
HU	HU	Magyarorság
HU	IT	Ungheria
HU	PT	Hungria
HU	RU	Венгрия
HU	XX	
HU	ZH	匈牙利
ID	AR	أندونيسيا
ID	CA	Indonèsia
ID	DE	Indonesien
ID	EN	Indonesia
ID	ES	Indonesia
ID	FR	Indonésie
ID	IT	Indonesia
ID	PT	Indonésia
ID	RU	Индонезия
ID	XX	
ID	ZH	印尼
IE	AR	أيرلندا
IE	CA	Irlanda
IE	DE	Irland
IE	EN	Ireland
IE	ES	Irlanda
IE	FR	Irlande
IE	GA	Éire
IE	IT	Irlanda
IE	PT	Irlanda
IE	RU	Ирландия
IE	XX	Éire
IE	ZH	愛爾蘭
IL	AR	إسرائيل
IL	CA	Israel
IL	DE	Israel
IL	EN	Israel
IL	ES	Israel
IL	FR	Israël
IL	HE	מְדִינַת יִשְׂרָאֵל 
IL	IT	Israele
IL	PT	Israel
IL	RU	Израиль
IL	XX	מְדִינַת יִשְׂרָאֵל 
IL	ZH	以色列
IM	AR	جزيرة مان
IM	CA	Illa de Man
IM	DE	Isle of Man
IM	EN	Isle of Man
IM	ES	Isla de Man
IM	FR	Île de Man
IM	IT	Isle of Man
IM	PT	Ilha de Man
IM	RU	Остров Мэн
IM	XX	
IM	ZH	馬恩島
IN	AR	الهند
IN	CA	Índia
IN	DE	Indien
IN	EN	India
IN	ES	India
IN	FR	Inde
IN	IT	India
IN	PT	Índia
IN	RU	Индия
IN	XX	
IN	ZH	印度
IO	AR	إقليم المحيط الهندي البريطاني
IO	CA	British Indian Ocean Territory
IO	DE	British Indian Ocean Territory
IO	EN	British Indian Ocean Territory
IO	ES	Territorio Brtiánico Océano ĺndico
IO	FR	Territoire Britannique L'Océan Indien
IO	IT	Territorio britannico 'Oceano Indiano
IO	PT	Território Britânico Oceano Índico
IO	RU	Британская территория Индийского океана
IO	XX	
IO	ZH	英屬印度洋領地
IQ	AR	العراق
IQ	CA	Iraq
IQ	DE	Irak
IQ	EN	Iraq
IQ	ES	Irak
IQ	FR	Iraq
IQ	IT	Iraq
IQ	PT	Iraque
IQ	RU	Ирак
IQ	XX	
IQ	ZH	伊拉克
IR	AR	ايران
IR	CA	Iran
IR	DE	Iran
IR	EN	Iran
IR	ES	Irán
IR	FR	Iran
IR	IT	Iran
IR	PT	Irã
IR	RU	Иран
IR	XX	
IR	ZH	伊朗
IS	AR	أيسلندا
IS	CA	Islàndia
IS	DE	Island
IS	EN	Iceland
IS	ES	Islandia
IS	FR	Islande
IS	IS	Ísland
IS	IT	Islanda
IS	PT	Islândia
IS	RU	Исландия
IS	XX	Ísland
IS	ZH	冰島
IT	AR	إيطاليا
IT	CA	Itàlia
IT	DE	Italien
IT	EN	Italy
IT	ES	Italia
IT	FR	Italie
IT	IT	Italia
IT	PT	Itália
IT	RU	Италия
IT	XX	
IT	ZH	意大利
JE	AR	جيرسي
JE	CA	Jersey
JE	DE	Jersey
JE	EN	Jersey
JE	ES	Jersey
JE	FR	Jersey
JE	IT	Maglia
JE	PT	Jersey
JE	RU	Джерси
JE	XX	Jersey Channel Islands
JE	ZH	新澤西
JM	AR	جامايكا
JM	CA	Jamaica
JM	DE	Jamaika
JM	EN	Jamaica
JM	ES	Jamaica
JM	FR	Jamaïque
JM	IT	Giamaica
JM	PT	Jamaica
JM	RU	Ямайка
JM	XX	
JM	ZH	牙買加
JO	AR	الأردن
JO	CA	Jordània
JO	DE	Jordanien
JO	EN	Jordan
JO	ES	Jordania
JO	FR	Jordanie
JO	IT	Giordania
JO	PT	Jordânia
JO	RU	Иордания
JO	XX	
JO	ZH	約旦
JP	AI	日本国
JP	AR	اليابان
JP	CA	Japó
JP	DE	Japan
JP	EN	Japan
JP	ES	Japón
JP	FR	Japon
JP	IT	Giappone
JP	JA	日本国
JP	PT	Japão
JP	RU	Япония
JP	XX	日本国
JP	ZH	日本
KE	AR	كينيا
KE	CA	Kenya
KE	DE	Kenia
KE	EN	Kenya
KE	ES	Kenia
KE	FR	Kenya
KE	IT	Kenia
KE	PT	Quênia
KE	RU	Кения
KE	XX	
KE	ZH	肯尼亞
KG	AR	قرغيزستان
KG	CA	Kirguizistan
KG	DE	Kirgisistan
KG	EN	Kyrgyzstan
KG	ES	Kirguistán
KG	FR	Kirghizistan
KG	IT	Kirghizistan
KG	PT	Quirguistão
KG	RU	Киргизия
KG	XX	
KG	ZH	吉爾吉斯斯坦
KH	AR	كمبوديا
KH	CA	Cambodja
KH	DE	Kambodscha
KH	EN	Cambodia
KH	ES	Camboya
KH	FR	Cambodge
KH	IT	Cambogia
KH	PT	Camboja
KH	RU	Камбоджа
KH	XX	
KH	ZH	柬埔寨
KI	AR	كيريباتي
KI	CA	Kiribati
KI	DE	Kiribati
KI	EN	Kiribati
KI	ES	Kiribati
KI	FR	Kiribati
KI	IT	Kiribati
KI	PT	Kiribati
KI	RU	Кирибати
KI	XX	
KI	ZH	基里巴斯
KM	AR	جزر القمر
KM	CA	Les Comores
KM	DE	Komoren
KM	EN	Comoros
KM	ES	Islas Comoros
KM	FR	Comores
KM	IT	Comore
KM	PT	Ilhas Comores
KM	RU	Коморские острова
KM	XX	
KM	ZH	科摩羅
KN	AR	سانت كيتس ونيفيس
KN	CA	Saint Kitts i Nevis
KN	DE	St. Kitts und Nevis
KN	EN	Saint Kitts and Nevis
KN	ES	San Cristóbal y Nieves
KN	FR	Saint-Kitts-Et-Nevis
KN	IT	Saint Kitts e Nevis
KN	PT	São Cristóvão e Névis
KN	RU	Сент-Китс и Невис
KN	XX	
KN	ZH	聖基茨和尼維斯
KP	AR	كوريا الشمالية
KP	CA	Corea del Nord
KP	DE	Nordkorea
KP	EN	North Korea
KP	ES	Corea del Norte
KP	FR	Corée du Nord
KP	IT	Corea del Nord
KP	PT	Coreia do Norte
KP	RU	Северная Корея
KP	XX	
KP	ZH	北朝鮮
KR	AR	كوريا الجنوبية
KR	CA	Corea del Sud
KR	DE	Südkorea
KR	EN	South Korea
KR	ES	Corea del Sur
KR	FR	Corée Sur
KR	IT	Corea del Sud
KR	KO	대한민국
KR	PT	Coreia do Sul
KR	RU	Южная Корея
KR	XX	대한민국
KR	ZH	韓國
KW	AR	الكويت
KW	CA	Kuwait
KW	DE	Kuwait
KW	EN	Kuwait
KW	ES	Kuwait
KW	FR	Koweït
KW	IT	Kuwait
KW	PT	Kuait
KW	RU	Кувейт
KW	XX	
KW	ZH	科威特
KY	AR	جزر كايمان
KY	CA	Les Illes Caiman
KY	DE	Cayman Islands
KY	EN	Cayman Islands
KY	ES	Islas Caimán
KY	FR	Caïmanes, Îles
KY	IT	Isole Cayman
KY	PT	Ilhas Cayman
KY	RU	Каймановы острова
KY	XX	
KY	ZH	開曼群島
KZ	AR	كازاخستان
KZ	CA	Kazakhstan
KZ	DE	Kasachstan
KZ	EN	Kazakhstan
KZ	ES	Kazajstán
KZ	FR	Kazakhstan
KZ	IT	Kazakhstan
KZ	PT	Cazaquistão
KZ	RU	Казахстан
KZ	XX	
KZ	ZH	哈薩克斯坦
LA	AR	لاوس
LA	CA	Laos
LA	DE	Laos
LA	EN	Laos
LA	ES	Laos
LA	FR	Lao
LA	IT	Laos
LA	PT	Laos
LA	RU	Лаос
LA	XX	
LA	ZH	老撾
LB	AR	لبنان
LB	CA	Líban
LB	DE	Libanon
LB	EN	Lebanon
LB	ES	Líbano
LB	FR	Liban
LB	IT	Libano
LB	PT	Líbano
LB	RU	Ливан
LB	XX	
LB	ZH	黎巴嫩
LC	AR	سانت لوسيا
LC	CA	Saint Lucia
LC	DE	Saint Lucia
LC	EN	Saint Lucia
LC	ES	Santa Lucía
LC	FR	Sainte-Lucie
LC	IT	Santa Lucia
LC	PT	Santa Lúcia
LC	RU	Сент-Люсия
LC	XX	
LC	ZH	聖盧西亞
LI	AR	ليختنشتاين
LI	CA	Liechtenstein
LI	DE	Liechtenstein
LI	EN	Liechtenstein
LI	ES	Liechtenstein
LI	FR	Liechtenstein
LI	IT	Liechtenstein
LI	PT	Liechtenstein
LI	RU	Лихтенштейн
LI	XX	
LI	ZH	列支敦士登
LK	AR	سري لانكا
LK	CA	Sri Lanka
LK	DE	Sri Lanka
LK	EN	Sri Lanka
LK	ES	Sri Lanka
LK	FR	Sri Lanka
LK	IT	Sri Lanka
LK	PT	Sri Lanka
LK	RU	Шри Ланка
LK	XX	
LK	ZH	斯里蘭卡
LR	AR	ليبيريا
LR	CA	Libèria
LR	DE	Liberia
LR	EN	Liberia
LR	ES	Liberia
LR	FR	Libéria
LR	IT	Liberia
LR	PT	Libéria
LR	RU	Либерия
LR	XX	
LR	ZH	利比里亞
LS	AR	ليسوتو
LS	CA	Lesotho
LS	DE	Lesotho
LS	EN	Lesotho
LS	ES	Lesoto
LS	FR	Lesotho
LS	IT	Lesoto
LS	PT	Lesoto
LS	RU	Лесото
LS	XX	
LS	ZH	萊索托
LT	AR	ليتوانيا
LT	CA	Lituània
LT	DE	Litauen
LT	EN	Lithuania
LT	ES	Lituania
LT	FR	Lituanie
LT	IT	Lituania
LT	LT	Lietuvos
LT	PT	Lituânia
LT	RU	Литва
LT	XX	Lietuvos
LT	ZH	立陶宛
LU	AR	لوكسمبورغ
LU	CA	Luxemburg
LU	DE	Luxemburg
LU	EN	Luxembourg
LU	ES	Luxemburgo
LU	FR	Luxembourg
LU	IT	Lussemburgo
LU	PT	Luxemburgo
LU	RU	Люксембург
LU	XX	
LU	ZH	盧森堡
LV	AR	لاتفيا
LV	CA	Letònia
LV	DE	Lettland
LV	EN	Latvia
LV	ES	Letonia
LV	FR	Lettonie
LV	IT	Lettonia
LV	LV	Latvija
LV	PT	Letônia
LV	RU	Латвия
LV	XX	
LV	ZH	拉脫維亞
LY	AR	ليبيا
LY	CA	Líbia
LY	DE	Libyen
LY	EN	Libya
LY	ES	Libia
LY	FR	Libyenne
LY	IT	Libia
LY	PT	Líbia
LY	RU	Ливия
LY	XX	
LY	ZH	利比亞
MA	AR	مغربي
MA	CA	Marroc
MA	DE	Marokko
MA	EN	Morocco
MA	ES	Marruecos
MA	FR	Maroc
MA	IT	Marocco
MA	PT	Marrocos
MA	RU	Марокко
MA	XX	
MA	ZH	摩洛哥
MC	AR	موناكو
MC	CA	Mònaco
MC	DE	Monaco
MC	EN	Monaco
MC	ES	Mónaco
MC	FR	Principauté de Monaco
MC	IT	Monaco
MC	PT	Mônaco
MC	RU	Монако
MC	XX	
MC	ZH	摩納哥
MD	AR	مولدافيا
MD	CA	Moldàvia
MD	DE	Moldawien
MD	EN	Moldova
MD	ES	Moldova
MD	FR	Moldova
MD	IT	Moldova
MD	PT	Moldávia
MD	RO	Moldova
MD	RU	Молдова
MD	XX	Moldova
MD	ZH	摩爾多瓦
ME	AR	الجبل الأسود
ME	CA	Montenegro
ME	DE	Montenegro
ME	EN	Montenegro
ME	ES	Montenegro
ME	FR	Monténégro
ME	IT	Montenegro
ME	PT	Montenegro
ME	RU	Черногория
ME	SR	Црна Гора
ME	XX	Црна Гора
ME	ZH	黑山
MF	AR	سانت مارتن
MF	CA	Saint Martin
MF	DE	Saint Martin
MF	EN	Saint Martin
MF	ES	Saint Martin
MF	FR	Saint-Martin
MF	IT	Saint Martin
MF	PT	Saint Martin
MF	RU	Сен-Мартен
MF	XX	
MF	ZH	聖馬丁
MG	AR	مدغشقر
MG	CA	Madagascar
MG	DE	Madagaskar
MG	EN	Madagascar
MG	ES	Madagascar
MG	FR	Madagascar
MG	IT	Madagascar
MG	PT	Madagascar
MG	RU	Мадагаскар
MG	XX	
MG	ZH	馬達加斯加
MH	AR	جزر مارشال
MH	CA	Les Illes Marshall
MH	DE	Marshall-Inseln
MH	EN	Marshall Islands
MH	ES	Islas Marshall
MH	FR	Marshall, Îles
MH	IT	Isole Marshall
MH	MH	Aolepān Aorōkin M̧ajeļ
MH	PT	Ilhas Marshall
MH	RU	Маршалловы острова
MH	XX	Aolepān Aorōkin M̧ajeļ
MH	ZH	馬紹爾群島
MK	AR	مقدونيا
MK	CA	Macedònia
MK	DE	Mazedonien
MK	EN	Macedonia
MK	ES	Macedonia
MK	FR	Macédoine
MK	IT	Macedonia
MK	MK	Македонија
MK	PT	Macedônia
MK	RU	Македонии
MK	XX	
MK	ZH	馬其頓
ML	AR	مالي
ML	CA	Mali
ML	DE	Mali
ML	EN	Mali
ML	ES	Malí
ML	FR	Mali
ML	IT	Mali
ML	PT	Mali
ML	RU	Мали
ML	XX	
ML	ZH	馬里
MM	AR	ميانمار
MM	CA	Myanmar
MM	DE	Myanmar
MM	EN	Myanmar
MM	ES	Myanmar
MM	FR	Myanmar
MM	IT	Myanmar
MM	PT	Mianmar
MM	RU	Мьянма
MM	XX	
MM	ZH	緬甸
MN	AR	منغوليا
MN	CA	Mongòlia
MN	DE	Mongolei
MN	EN	Mongolia
MN	ES	Mongolia
MN	FR	Mongolie
MN	IT	Mongolia
MN	MN	Монгол Улс
MN	PT	Mongólia
MN	RU	Монголия
MN	XX	Монгол Улс
MN	ZH	蒙古
MO	AR	ماكاو
MO	CA	Macau
MO	DE	Macao
MO	EN	Macau
MO	ES	Macao
MO	FR	Macao
MO	IT	Macao
MO	PT	Macau
MO	RU	Макао
MO	XX	
MO	ZH	澳門
MP	AR	جزر ماريانا الشمالية
MP	CA	Illes Mariannes del Nord
MP	DE	Northern Mariana Islands
MP	EN	Northern Mariana Islands
MP	ES	Islas Marianas del Norte
MP	FR	Îles Mariannes du Nord
MP	IT	Northern Mariana Islands
MP	PT	Ilhas Marianas do Norte
MP	RU	Северные Марианские острова
MP	XX	Sankattan Siha Na Islas Mariånas
MP	ZH	北馬里亞納群島
MQ	AR	مارتينيك
MQ	CA	Martinica
MQ	DE	Martinique
MQ	EN	Martinique
MQ	ES	Martinica
MQ	FR	Martinique
MQ	IT	Martinique
MQ	PT	Martinique
MQ	RU	Мартиника
MQ	XX	Martinique
MQ	ZH	馬提尼克
MR	AR	موريتانيا
MR	CA	Mauritània
MR	DE	Mauretanien
MR	EN	Mauritania
MR	ES	Mauritania
MR	FR	Mauritanie
MR	IT	Mauritania
MR	PT	Mauritânia
MR	RU	Мавритания
MR	XX	
MR	ZH	毛里塔尼亞
MS	AR	مونتسيرات
MS	CA	Montserrat
MS	DE	Montserrat
MS	EN	Montserrat
MS	ES	Montserrat
MS	FR	Montserrat
MS	IT	Montserrat
MS	PT	Montserrat
MS	RU	Монтсеррат
MS	XX	
MS	ZH	蒙特塞拉特
MT	AR	مالطا
MT	CA	Malta
MT	DE	Malta
MT	EN	Malta
MT	ES	Malta
MT	FR	Malte
MT	IT	Malta
MT	MT	Repubblika ta' Malta
MT	PT	Malta
MT	RU	Мальта
MT	XX	Repubblika ta' Malta
MT	ZH	馬耳他
MU	AR	موريشيوس
MU	CA	Maurici
MU	DE	Mauritius
MU	EN	Mauritius
MU	ES	Mauricio
MU	FR	Maurice
MU	IT	Mauritius
MU	PT	Ilhas Maurício
MU	RU	Маврикий
MU	XX	
MU	ZH	毛里求斯
MV	AR	جزر المالديف
MV	CA	Maldives
MV	DE	Malediven
MV	EN	Maldives
MV	ES	Maldivas
MV	FR	Maldives
MV	IT	Maldive
MV	PT	Maldivas
MV	RU	Мальдивы
MV	XX	
MV	ZH	馬爾代夫
MW	AR	ملاوي
MW	CA	Malawi
MW	DE	Malawi
MW	EN	Malawi
MW	ES	Malawi
MW	FR	Malawi
MW	IT	Malawi
MW	PT	Maláui
MW	RU	Малави
MW	XX	
MW	ZH	馬拉維
MX	AR	المكسيك
MX	CA	Mèxic
MX	DE	Mexiko
MX	EN	Mexico
MX	ES	México
MX	FR	Mexique
MX	IT	Messico
MX	PT	México
MX	RU	Мексика
MX	XX	Estados Unidos Mexicanos
MX	ZH	墨西哥
MY	AR	ماليزيا
MY	CA	Malàisia
MY	DE	Malaysia
MY	EN	Malaysia
MY	ES	Malasia
MY	FR	Malaisie
MY	IT	Malaysia
MY	PT	Malásia
MY	RU	Малайзия
MY	XX	
MY	ZH	馬來西亞
MZ	AR	موزمبيق
MZ	CA	Moçambic
MZ	DE	Mosambik
MZ	EN	Mozambique
MZ	ES	Mozambique
MZ	FR	Mozambique
MZ	IT	Mozambico
MZ	PT	Moçambique
MZ	RU	Мозамбик
MZ	XX	
MZ	ZH	莫桑比克
NA	AR	ناميبيا
NA	CA	Namíbia
NA	DE	Namibia
NA	EN	Namibia
NA	ES	Namibia
NA	FR	Namibie
NA	IT	Namibia
NA	PT	Namíbia
NA	RU	Намибия
NA	XX	
NA	ZH	納米比亞
NC	AR	كاليدونيا الجديدة
NC	CA	Nova Caledònia
NC	DE	Neukaledonien
NC	EN	New Caledonia
NC	ES	Nueva Caledonia
NC	FR	Nouvelle-Calédonie
NC	IT	Nuova Caledonia
NC	PT	Nova Caledônia
NC	RU	Новая Каледония
NC	XX	
NC	ZH	新喀裡多尼亞
NE	AR	النيجر
NE	CA	Níger
NE	DE	Niger
NE	EN	Niger
NE	ES	Níger
NE	FR	Niger
NE	IT	Niger
NE	PT	Níger
NE	RU	Нигер
NE	XX	
NE	ZH	尼日爾
NF	AR	جزيرة نورفولك
NF	CA	Norfolk Island
NF	DE	Norfolk Island
NF	EN	Norfolk Island
NF	ES	Isla Norfolk
NF	FR	Île Norfolk
NF	IT	Norfolk Island
NF	PT	Ilha Norfolk
NF	RU	Остров Норфолк
NF	XX	
NF	ZH	諾福克島
NG	AR	نيجيريا
NG	CA	Nigèria
NG	DE	Nigeria
NG	EN	Nigeria
NG	ES	Nigeria
NG	FR	Nigéria
NG	IT	Nigeria
NG	PT	Nigéria
NG	RU	Нигерия
NG	XX	
NG	ZH	尼日利亞
NI	AR	نيكاراغوا
NI	CA	Nicaragua
NI	DE	Nicaragua
NI	EN	Nicaragua
NI	ES	Nicaragua
NI	FR	Nicaragua
NI	IT	Nicaragua
NI	PT	Nicarágua
NI	RU	Никарагуа
NI	XX	
NI	ZH	尼加拉瓜
NL	AR	هولندا
NL	CA	Països Baixos
NL	DE	Niederlande
NL	EN	Netherlands
NL	ES	Países Bajos
NL	FR	Pays-Bas
NL	IT	Paesi Bassi
NL	NL	Nederland
NL	PT	Países Baixos
NL	RU	Нидерланды
NL	XX	
NL	ZH	荷蘭
NO	AR	النرويج
NO	CA	Noruega
NO	DE	Norwegen
NO	EN	Norway
NO	ES	Noruega
NO	FR	Norvège
NO	IT	Norvegia
NO	NO	Norge
NO	PT	Noruega
NO	RU	Норвегия
NO	XX	Norge
NO	ZH	挪威
NP	AR	نيبال
NP	CA	Nepal
NP	DE	Nepal
NP	EN	Nepal
NP	ES	Nepal
NP	FR	Népal
NP	IT	Nepal
NP	PT	Nepal
NP	RU	Непал
NP	XX	
NP	ZH	尼泊爾
NR	AR	ناورو
NR	CA	Nauru
NR	DE	Nauru
NR	EN	Nauru
NR	ES	Nauru
NR	FR	Nauru
NR	IT	Nauru
NR	PT	Nauru
NR	RU	Науру
NR	XX	
NR	ZH	瑙魯
NU	AR	نيوي
NU	CA	Niue
NU	DE	Niue
NU	EN	Niue
NU	ES	Niue
NU	FR	Niué
NU	IT	Niue
NU	PT	Niue
NU	RU	Ниуэ
NU	XX	
NU	ZH	紐埃
NZ	AR	نيوزيلندا
NZ	CA	Nova Zelanda
NZ	DE	Neuseeland
NZ	EN	New Zealand
NZ	ES	Nueva Zelanda
NZ	FR	Nouvelle-Zélande
NZ	IT	Nuova Zelanda
NZ	PT	Nova Zelândia
NZ	RU	Новая Зеландия
NZ	XX	
NZ	ZH	新西蘭
OM	AR	عمان
OM	CA	Oman
OM	DE	Oman
OM	EN	Oman
OM	ES	Omán
OM	FR	Oman
OM	IT	Oman
OM	PT	Omã
OM	RU	Оман
OM	XX	
OM	ZH	阿曼
PA	AR	بنما
PA	CA	Panamà
PA	DE	Panama
PA	EN	Panama
PA	ES	Panamá
PA	FR	Panama
PA	IT	Panama
PA	PT	Panamá
PA	RU	Панама
PA	XX	
PA	ZH	巴拿馬
PE	AR	بيرو
PE	CA	Perú
PE	DE	Peru
PE	EN	Peru
PE	ES	Perú
PE	FR	Pérou
PE	IT	Perù
PE	PT	Peru
PE	RU	Перу
PE	XX	
PE	ZH	秘魯
PF	AR	بولينيزيا الفرنسية
PF	CA	Polinèsia francès
PF	DE	Französisch-Polynesien
PF	EN	French Polynesia
PF	ES	Polinesia Francés
PF	FR	Polynésie Française
PF	IT	Polinesia Francese
PF	PT	Polinésia Francesa
PF	RU	Французская Полинезия
PF	XX	Polynésie Française
PF	ZH	法屬波利尼西亞
PG	AR	بابوا غينيا الجديدة
PG	CA	Papua Nova Guinea
PG	DE	Papua-Neuguinea
PG	EN	Papua New Guinea
PG	ES	Papua Nueva Guinea
PG	FR	Papouasie-Nouvelle-Guinée
PG	IT	Papua Nuova Guinea
PG	PT	Papua Nova Guiné
PG	RU	Папуа-Новая Гвинея
PG	XX	
PG	ZH	巴布亞新幾內亞
PH	AR	الفلبين
PH	CA	Filipines
PH	DE	Philippinen
PH	EN	Philippines
PH	ES	Filipinas
PH	FR	Philippines
PH	IT	Filippine
PH	PT	Filipinas
PH	RU	Филиппины
PH	XX	
PH	ZH	菲律賓
PK	AR	باكستان
PK	CA	Pakistan
PK	DE	Pakistan
PK	EN	Pakistan
PK	ES	Pakistán
PK	FR	Pakistan
PK	IT	Pakistan
PK	PT	Paquistão
PK	RU	Пакистан
PK	XX	
PK	ZH	巴基斯坦
PL	AR	بولندا
PL	CA	Polònia
PL	DE	Polen
PL	EN	Poland
PL	ES	Polonia
PL	FR	Pologne
PL	IT	Polonia
PL	PL	Polska
PL	PT	Polônia
PL	RU	Польша
PL	XX	
PL	ZH	波蘭
PM	AR	سان بيار وميكلون
PM	CA	Sant Pere i Miquelon
PM	DE	St. Pierre und Miquelon
PM	EN	Saint Pierre And Miquelon
PM	ES	San Pedro y Miquelón
PM	FR	Saint-Pierre-Et-Miquelon
PM	IT	Saint-Pierre e Miquelon
PM	PT	São Pedro e Miquelon
PM	RU	Сен-Пьер и Микелон
PM	XX	Collectivité territoriale de Saint-Pierre e Miquelon
PM	ZH	聖皮埃爾和密克隆
PN	AR	جزر بيتكيرن
PN	CA	Illes Pitcairn
PN	DE	Pitcairn-Inseln
PN	EN	Pitcairn
PN	ES	Islas Pitcairn
PN	FR	Pitcairn
PN	IT	Isole Pitcairn
PN	PT	Ilhas Pitcairn
PN	RU	Питкэрн
PN	XX	Pitcairn
PN	ZH	皮特凱恩群島
PR	AR	بورتوريكو
PR	CA	Puerto Rico
PR	DE	Puerto Rico
PR	EN	Puerto Rico
PR	ES	Puerto Rico
PR	FR	Porto Rico
PR	IT	Puerto Rico
PR	PT	Puerto Rico
PR	RU	Пуэрто-Рико
PR	XX	Estado Libre Asociado de Puerto Rico
PR	ZH	波多黎各
PS	AR	الأراضي الفلسطينية
PS	CA	Territori palestí
PS	DE	Palästinensische
PS	EN	Palestine
PS	ES	Palestina
PS	FR	Palestine
PS	IT	Palestina
PS	PT	Palestina
PS	RU	Палестинской территории
PS	XX	
PS	ZH	巴勒斯坦領土
PT	AR	البرتغال
PT	CA	Portugal
PT	DE	Portugal
PT	EN	Portugal
PT	ES	Portugal
PT	FR	Portugal
PT	IT	Portogallo
PT	PT	Portugal
PT	RU	Португалия
PT	XX	República Portuguesa
PT	ZH	葡萄牙
PW	AR	بالاو
PW	CA	Palau
PW	DE	Palau
PW	EN	Palau
PW	ES	Palau
PW	FR	Palaos
PW	IT	Palau
PW	PA	Beluu er a Belau
PW	PT	Palau
PW	PW	Beluu er a Belau
PW	RU	Палау
PW	XX	Beluu er a Belau
PW	ZH	帕勞
PY	AR	باراغواي
PY	CA	Paraguai
PY	DE	Paraguay
PY	EN	Paraguay
PY	ES	Paraguay
PY	FR	Paraguay
PY	IT	Paraguay
PY	PT	Paraguai
PY	RU	Парагвай
PY	XX	
PY	ZH	巴拉圭
QA	AR	قطر
QA	CA	Qatar
QA	DE	Katar
QA	EN	Qatar
QA	ES	Qatar
QA	FR	Qatar
QA	IT	Qatar
QA	PT	Qatar
QA	RU	Катар
QA	XX	
QA	ZH	卡塔爾
RE	AR	ريونيون
RE	CA	La Reunió
RE	DE	Réunion
RE	EN	Réunion
RE	ES	Reunión
RE	FR	Réunion
RE	IT	Riunione
RE	PT	Reunião
RE	RU	Реюньон
RE	XX	Réunion
RE	ZH	留尼汪
RO	AR	رومانيا
RO	CA	Romania
RO	DE	Rumänien
RO	EN	Romania
RO	ES	Rumania
RO	FR	Roumanie
RO	IT	Romania
RO	PT	Romênia
RO	RO	România
RO	RU	Румыния
RO	XX	România
RO	ZH	羅馬尼亞
RS	AR	صربيا
RS	CA	Sèrbia
RS	DE	Serbien
RS	EN	Serbia
RS	ES	Serbia
RS	FR	Serbie
RS	IT	Serbia
RS	PT	Sérvia
RS	RU	Сербии
RS	SR	Republika Srbija
RS	XX	Republika Srbija
RS	ZH	塞爾維亞
RU	AR	الاتحاد الروسي
RU	CA	Rússia
RU	DE	Russischen
RU	EN	Russia
RU	ES	Rusia
RU	FR	Russie
RU	IT	Russa
RU	PT	Rússia
RU	RU	Русская Федерация
RU	XX	
RU	ZH	俄羅斯聯邦
RW	AR	رواندا
RW	CA	Rwanda
RW	DE	Ruanda
RW	EN	Rwanda
RW	ES	Ruanda
RW	FR	Rwanda
RW	IT	Ruanda
RW	PT	Ruanda
RW	RU	Руанда
RW	XX	
RW	ZH	盧旺達
SA	AR	العربية السعودية
SA	CA	Aràbia Saudita
SA	DE	Saudi-Arabien
SA	EN	Saudi Arabia
SA	ES	Arabia Saudita
SA	FR	Arabie Saoudite
SA	IT	Arabia Saudita
SA	PT	Arábia Saudita
SA	RU	Саудовская Аравия
SA	XX	
SA	ZH	沙特阿拉伯
SB	AR	جزر سليمان
SB	CA	Les Illes Salomó
SB	DE	Salomon-Inseln
SB	EN	Solomon Islands
SB	ES	Islas Salomón
SB	FR	Salomon, Îles
SB	IT	Isole Salomone
SB	PT	Ilhas Salomão
SB	RU	Соломоновы Острова
SB	XX	
SB	ZH	所羅門群島
SC	AR	سيشل
SC	CA	Seychelles
SC	DE	Seychellen
SC	EN	Seychelles
SC	ES	Seychelles
SC	FR	Seychelles
SC	IT	Seychelles
SC	PT	Ilhas Seychelles
SC	RU	Сейшельские острова
SC	XX	
SC	ZH	塞舌爾
SD	AR	سودان
SD	CA	Sudan
SD	DE	Sudan
SD	EN	Sudan
SD	ES	Sudán
SD	FR	Soudan
SD	IT	Sudan
SD	PT	Sudão
SD	RU	Судан
SD	XX	
SD	ZH	蘇丹
SE	AR	السويد
SE	CA	Suècia
SE	DE	Schweden
SE	EN	Sweden
SE	ES	Suecia
SE	FR	Suède
SE	IT	Svezia
SE	PT	Suécia
SE	RU	Швеция
SE	SE	Sverige
SE	SV	Sverige
SE	XX	
SE	ZH	瑞典
SG	AR	سنغافورة
SG	CA	Singapur
SG	DE	Singapur
SG	EN	Singapore
SG	ES	Singapur
SG	FR	Singapour
SG	IT	Singapore
SG	PT	Cingapura
SG	RU	Сингапур
SG	XX	
SG	ZH	新加坡
SH	AR	سانت هيلانة، والصعود وتريستان دا كونها
SH	CA	Santa Helena, Ascensió i Tristán dóna Cunha
SH	DE	St. Helena, Ascension und Tristan da Cunha
SH	EN	Santa Helena, Ascension and Tristan Da Cunha
SH	ES	Santa Helena - Ascensión y Tristán da Cunha
SH	FR	Sainte-Hélène, Ascension Et Tristan Da Cunha
SH	IT	Sant'Elena, Ascensione e Tristan da Cunha
SH	PT	Santa Helena - Ascensão e Tristão da Cunha
SH	RU	Св. Елены, Вознесения и Тристан-да-Кунья
SH	XX	
SH	ZH	聖赫勒拿，阿森松島和特里斯坦 - 達庫尼亞
SI	AR	سلوفينيا
SI	CA	Eslovènia
SI	DE	Slowenien
SI	EN	Slovenia
SI	ES	Eslovenia
SI	FR	Slovénie
SI	IT	Slovenia
SI	PT	Eslovênia
SI	RU	Словения
SI	SI	Slovenia
SI	SL	Slovenija
SI	XX	Slovenija
SI	ZH	斯洛文尼亞
SJ	AR	سفالبارد وجان مايان
SJ	CA	Svalbard i Jan Mayen
SJ	DE	Svalbard und Jan Mayen
SJ	EN	Svalbard and Jan Mayen
SJ	ES	Svalbard y Jan Mayen
SJ	FR	Svalbard Et Île Jan Mayen
SJ	IT	Svalbard e Jan Mayen
SJ	NO	Spitsbergen
SJ	PT	Svalbard e Jan Mayen
SJ	RU	Шпицберген и Ян-Майен
SJ	XX	Spitsbergen
SJ	ZH	斯瓦爾巴島和揚馬延島
SK	AR	سلوفاكيا
SK	CA	Eslovàquia
SK	DE	Slowakei
SK	EN	Slovakia
SK	ES	Eslovaquia
SK	FR	Slovaquie
SK	IT	Slovacchia
SK	PT	Eslováquia
SK	RU	Словакия
SK	Sk	Slokensko
SK	XX	
SK	ZH	斯洛伐克
SL	AR	سيراليون
SL	CA	Sierra Leone
SL	DE	Sierra Leone
SL	EN	Sierra Leone
SL	ES	Sierra Leona
SL	FR	Sierra Leone
SL	IT	Sierra Leone
SL	PT	Serra Leoa
SL	RU	Сьерра-Леоне
SL	XX	
SL	ZH	塞拉利昂
SM	AR	سان مارينو
SM	CA	San Marino
SM	DE	San Marino
SM	EN	San Marino
SM	ES	San Marino
SM	FR	Saint-Marin
SM	IT	San Marino
SM	PT	San Marino
SM	RU	Сан - Марино
SM	XX	
SM	ZH	聖馬力諾
SN	AR	السنغال
SN	CA	Senegal
SN	DE	Senegal
SN	EN	Senegal
SN	ES	Senegal
SN	FR	Sénégal
SN	IT	Senegal
SN	PT	Senegal
SN	RU	Сенегал
SN	XX	
SN	ZH	塞內加爾
SO	AR	الصومال
SO	CA	Somàlia
SO	DE	Somalia
SO	EN	Somalia
SO	ES	Somalia
SO	FR	Somalie
SO	IT	Somalia
SO	PT	Somália
SO	RU	Сомали
SO	XX	
SO	ZH	索馬里
SR	AR	سورينام
SR	CA	Suriname
SR	DE	Suriname
SR	EN	Suriname
SR	ES	Suriname
SR	FR	Suriname
SR	IT	Suriname
SR	NL	Nederlands Guyana
SR	PT	Suriname
SR	RU	Суринам
SR	XX	Nederlands Guyana
SR	ZH	蘇里南
SS	CA	South Sudan
SS	DE	South Sudan
SS	EN	South Sudan
SS	ES	Sudan Sur
SS	FR	Soudan Sud
SS	IT	Sudan Sur
SS	PT	Sudão do Sul
ST	AR	ساو تومي وبرينسيبي
ST	CA	Sant Vaig prendre i Príncep
ST	DE	São Tomé und Príncipe
ST	EN	São Tomé and Príncipe
ST	ES	Santo Tomé y Príncipe
ST	FR	Sao Tomé-Et-Principe
ST	IT	São Tomé e Príncipe
ST	PT	São Tomé e Príncipe
ST	RU	Сан-Томе и Принсипи
ST	XX	
ST	ZH	聖多美與普林西比
SV	AR	السلفادور
SV	CA	El Salvador
SV	DE	El Salvador
SV	EN	El Salvador
SV	ES	El Salvador
SV	FR	El Salvador
SV	IT	El Salvador
SV	PT	El Salvador
SV	RU	Сальвадор
SV	XX	
SV	ZH	薩爾瓦多
SX	AR	سینت مارتن
SX	CA	Sint Maarten
SX	DE	Sint Maarten
SX	EN	Sint Maarten
SX	ES	Sint Maarten
SX	FR	Saint-Maartin
SX	IT	Sint Maarten
SX	NL	Sint Maarten
SX	PT	Sint Maarten
SX	RU	Синт-Мартен
SX	XX	Sint Maarten
SY	AR	الجمهورية العربية السورية
SY	CA	Síria
SY	DE	Syrien
SY	EN	Syria
SY	ES	Siria
SY	FR	Syrienne
SY	IT	Siriana
SY	PT	Síria
SY	RU	Сирийской Арабской Республики
SY	XX	
SY	ZH	阿拉伯敘利亞共和國
SZ	AR	سوازيلاند
SZ	CA	Swazilàndia
SZ	DE	Swasiland
SZ	EN	Swaziland
SZ	ES	Suazilandia
SZ	FR	Swaziland
SZ	IT	Swaziland
SZ	PT	Suazilândia
SZ	RU	Свазиленд
SZ	XX	
SZ	ZH	斯威士蘭
TC	AR	جزر تركس وكايكوس
TC	CA	Illes Turks i Caicos
TC	DE	Turks-und Caicosinseln
TC	EN	Turks and Caicos Islands
TC	ES	Islas Turcas y Caicos
TC	FR	Îles Turks Et Caïques
TC	IT	Isole Turks e Caicos
TC	PT	Ilhas Turcas e Caicos
TC	RU	Острова Теркс и Кайкос
TC	XX	
TC	ZH	特克斯和凱科斯群島
TD	AR	تشاد
TD	CA	Txad
TD	DE	Tschad
TD	EN	Chad
TD	ES	Chad
TD	FR	Tchad
TD	IT	Chad
TD	PT	Chade
TD	RU	Чад
TD	XX	
TD	ZH	乍得
TF	AR	الأقاليم الجنوبية الفرنسية
TF	CA	Territoris Francesos del Sud
TF	DE	Französisch Südliche Territorien
TF	EN	French Southern Territories
TF	ES	Territorios Franceses del Sur
TF	FR	Terres Australes Françaises
TF	IT	Territori Francesi del Sud
TF	PT	Terras Austrais Francesas
TF	RU	Французские южные территории
TF	XX	Terres Australes Françaises
TF	ZH	法國南部領土
TG	AR	توغو
TG	CA	Togo
TG	DE	Togo
TG	EN	Togo
TG	ES	Togo
TG	FR	Togo
TG	IT	Togo
TG	PT	Togo
TG	RU	Того
TG	XX	
TG	ZH	多哥
TH	AR	تايلاند
TH	CA	Tailàndia
TH	DE	Thailand
TH	EN	Thailand
TH	ES	Tailandia
TH	FR	Thaïlande
TH	IT	Thailandia
TH	PT	Tailândia
TH	RU	Таиланд
TH	TH	ราชอาณาจักรไทย
TH	XX	ราชอาณาจักรไทย
TH	ZH	泰國
TJ	AR	طاجيكستان
TJ	CA	Tadjikistan
TJ	DE	Tadschikistan
TJ	EN	Tajikistan
TJ	ES	Tayikistán
TJ	FR	Tadjikistan
TJ	IT	Tagikistan
TJ	PT	Tadjiquistão
TJ	RU	Таджикистан
TJ	XX	
TJ	ZH	塔吉克斯坦
TK	AR	توكيلاو
TK	CA	Tokelau
TK	DE	Tokelau
TK	EN	Tokelau
TK	ES	Tokelau
TK	FR	Tokelau
TK	IT	Tokelau
TK	PT	Tokelau
TK	RU	Токелау
TK	XX	
TK	ZH	托克勞
TL	AR	تيمور الشرقية
TL	CA	Timor Oriental
TL	DE	Ost-Timor
TL	EN	East Timor
TL	ES	Timor Oriental
TL	FR	Timor Oriental
TL	IT	Timor Est
TL	PT	Timor Leste
TL	RU	Восточный Тимор
TL	TE	Timor-Leste
TL	XX	Timor-Leste
TL	ZH	東帝汶
TM	AR	تركمانستان
TM	CA	Turkmenistan
TM	DE	Turkmenistan
TM	EN	Turkmenistan
TM	ES	Turkmenistán
TM	FR	Turkménistan
TM	IT	Turkmenistan
TM	PT	Turcomenistão
TM	RU	Туркменистан
TM	XX	
TM	ZH	土庫曼斯坦
TN	AR	تونس
TN	CA	Tunísia
TN	DE	Tunesien
TN	EN	Tunisia
TN	ES	Túnez
TN	FR	Tunisie
TN	IT	Tunisia
TN	PT	Tunísia
TN	RU	Тунис
TN	XX	
TN	ZH	突尼斯
TO	AR	تونغا
TO	CA	Tonga
TO	DE	Tonga
TO	EN	Tonga
TO	ES	Tonga
TO	FR	Tonga
TO	IT	Tonga
TO	PT	Tonga
TO	RU	Тонга
TO	XX	
TO	ZH	湯加
TR	AR	تركيا
TR	CA	Turquia
TR	DE	Türkei
TR	EN	Turkey
TR	ES	Turquía
TR	FR	Turquie
TR	IT	Turchia
TR	PT	Turquia
TR	RU	Турция
TR	TR	Türkiye Cumhuriyeti
TR	XX	Türkiye Cumhuriyeti
TR	ZH	土耳其
TT	AR	ترينيداد وتوباغو
TT	CA	Trinitat i Tobago
TT	DE	Trinidad und Tobago
TT	EN	Trinidad and Tobago
TT	ES	Trinidad y Tobago
TT	FR	Trinité-Et-Tobago
TT	IT	Trinidad e Tobago
TT	PT	Trinidad e Tobago
TT	RU	Тринидад и Тобаго
TT	XX	
TT	ZH	特里尼達和多巴哥
TV	AR	توفالو
TV	CA	Tuvalu
TV	DE	Tuvalu
TV	EN	Tuvalu
TV	ES	Tuvalu
TV	FR	Tuvalu
TV	IT	Tuvalu
TV	PT	Tuvalu
TV	RU	Тувалу
TV	XX	
TV	ZH	圖瓦盧
TW	AR	تايوان
TW	CA	Taiwan
TW	DE	Taiwan
TW	EN	Taiwan
TW	ES	Taiwan
TW	FR	Taïwan
TW	IT	Taiwan
TW	PT	Taiwan
TW	RU	Тайвань
TW	XX	
TW	ZH	台灣
TZ	AR	تنزانيا
TZ	CA	Tanzània
TZ	DE	Tansania
TZ	EN	Tanzania
TZ	ES	Tanzania
TZ	FR	Tanzanie
TZ	IT	Tanzania
TZ	PT	Tanzânia
TZ	RU	Танзания
TZ	XX	
TZ	ZH	坦桑尼亞
UA	AR	أوكرانيا
UA	CA	Ucraïna
UA	DE	Ukraine
UA	EN	Ukraine
UA	ES	Ucrania
UA	FR	Ukraine
UA	IT	Ucraina
UA	PT	Ucrânia
UA	RU	Украина
UA	UK	Україна
UA	XX	Україна
UA	ZH	烏克蘭
UG	AR	أوغندا
UG	CA	Uganda
UG	DE	Uganda
UG	EN	Uganda
UG	ES	Uganda
UG	FR	Ouganda
UG	IT	Uganda
UG	PT	Uganda
UG	RU	Уганда
UG	XX	
UG	ZH	烏干達
UM	AR	الولايات المتحدة البعيدة الصغيرة جزر
UM	CA	US Illes menors allunyades de
UM	DE	USA kleinere ausgelagerte Inseln
UM	EN	US Minor Outlying Islands
UM	ES	Estados Unidos (Islas Alejadas)
UM	FR	Îles Mineures Des États-Unis
UM	IT	Minori degli Stati Uniti Isole
UM	PT	Estados Unidos (Terr. Insulares)
UM	RU	США Внешние малые острова
UM	XX	US Minor Outlying Islands
UM	ZH	美國本土外小島嶼
US	AR	الولايات المتحدة
US	CA	Estats Units
US	DE	Vereinigte Staaten
US	EN	United States
US	ES	Estados Unidos
US	FR	États-Unis
US	IT	Stati Uniti
US	PT	Estados Unidos
US	RU	Соединенные Штаты
US	XX	United States of America
US	ZH	美國
UY	AR	أوروغواي
UY	CA	Uruguai
UY	DE	Uruguay
UY	EN	Uruguay
UY	ES	Uruguay
UY	FR	Uruguay
UY	IT	Uruguay
UY	PT	Uruguai
UY	RU	Уругвай
UY	XX	
UY	ZH	烏拉圭
UZ	AR	أوزبكستان
UZ	CA	Uzbekistan
UZ	DE	Usbekistan
UZ	EN	Uzbekistan
UZ	ES	Uzbekistán
UZ	FR	Ouzbékistan
UZ	IT	Uzbekistan
UZ	PT	Uzbequistão
UZ	RU	Узбекистан
UZ	XX	
UZ	ZH	烏茲別克斯坦
VA	AR	دولة الفاتيكان (الكرسي الرسولي)
VA	CA	Ciutat del Vaticà
VA	DE	Vatikanstadt
VA	EN	Vatican City State
VA	ES	Ciudad del Vaticano
VA	FR	Cité Du Vatican
VA	IT	Città del Vaticano
VA	LA	Città del Vaticano
VA	PT	Vaticano
VA	RU	Государство-город Ватикан (Святой Престол)
VA	XX	Città del Vaticano
VA	ZH	梵蒂岡城國（教廷）
VC	AR	سانت فنسنت وغرينادين
VC	CA	Saint Vincent i les Grenadines
VC	DE	Saint Vincent und die Grenadinen
VC	EN	Saint Vincent and the Grenadines
VC	ES	San Vicente y las Granadinas
VC	FR	Saint-Vincent-Et-Les Grenadines
VC	IT	Saint Vincent e Grenadine
VC	PT	São Vicente e Granadinas
VC	RU	Сент-Винсент и Гренадины
VC	XX	
VC	ZH	聖文森特和格林納丁斯
VE	AR	فنزويلا
VE	CA	Veneçuela
VE	DE	Venezuela
VE	EN	Venezuela
VE	ES	Venezuela
VE	FR	Venezuela
VE	IT	Venezuela
VE	PT	Venezuela
VE	RU	Венесуэла
VE	XX	
VE	ZH	委內瑞拉
VG	AR	جزر فيرجن، البريطانية
VG	CA	Illes Verges Britàniques
VG	DE	Britische Jungferninseln
VG	EN	British Virgin Islands
VG	ES	Islas Vírgenes Británicas
VG	FR	Îles Vierges Britanniques
VG	IT	Isole Vergini Britanniche
VG	PT	Ilhas Virgens Britânicas
VG	RU	Виргинские острова, Британские
VG	XX	
VG	ZH	英屬維爾京群島
VI	AR	الجزر العذراء الأمريكية
VI	CA	Illes Verges dels EUA
VI	DE	US Virgin Islands
VI	EN	U.S. Virgin Islands
VI	ES	Islas Vírgenes de EE.UU.
VI	FR	Îles Vierges Des États-Unis
VI	IT	Isole Vergini Americane
VI	PT	Ilhas Virgens US
VI	RU	Американские Виргинские острова
VI	XX	United States Virgin Islands
VI	ZH	美屬維爾京群島
VN	AR	فيتنام
VN	CA	Vietnam
VN	DE	Viet Nam
VN	EN	Viet Nam
VN	ES	Viet Nam
VN	FR	Viet Nam
VN	IT	Viet Nam
VN	PT	Vietnã
VN	RU	Вьетнам
VN	VI	Việt Nam
VN	XX	Việt Nam
VN	ZH	越南
VU	AR	فانواتو
VU	CA	Vanuatu
VU	DE	Vanuatu
VU	EN	Vanuatu
VU	ES	Vanuatu
VU	FR	Vanuatu
VU	IT	Vanuatu
VU	PT	Vanuatu
VU	RU	Вануату
VU	XX	
VU	ZH	瓦努阿圖
WF	AR	واليس وفوتونا
WF	CA	Wallis i Futuna
WF	DE	Wallis und Futuna
WF	EN	Wallis and Futuna
WF	ES	Wallis y Futuna
WF	FR	Wallis et Futuna
WF	IT	Wallis e Futuna
WF	PT	Wallis e Futuna
WF	RU	Уоллис и Футуна
WF	XX	
WF	ZH	瓦利斯群島和富圖納群島
WS	AR	ساموا
WS	CA	Samoa
WS	DE	Samoa
WS	EN	Samoa
WS	ES	Samoa
WS	FR	Samoa
WS	IT	Samoa
WS	PT	Samoa
WS	RU	Самоа
WS	SM	Sāmoa
WS	XX	Sāmoa
WS	ZH	薩摩亞
XK	AR	كوسوفو
XK	CA	Kosovo
XK	DE	Kosovo
XK	EN	Kosovo
XK	ES	Kosovo
XK	FR	Kosovo
XK	IT	Kosovo
XK	PT	Kosovo
XK	RU	Косово
XK	SQ	Kosovës
XK	SR	Kosovo
XK	XX	Kosovës
XK	ZH	科索沃
YE	AR	يمني
YE	CA	Iemen
YE	DE	Jemen
YE	EN	Yemen
YE	ES	Yemen
YE	FR	Yémen
YE	IT	Yemen
YE	PT	Iêmen
YE	RU	Йемен
YE	XX	
YE	ZH	也門
YT	AR	مايوت
YT	CA	Mayotte
YT	DE	Mayotte
YT	EN	Mayotte
YT	ES	Mayotte
YT	FR	Mayotte
YT	IT	Mayotte
YT	PT	Mayotte
YT	RU	Майотта
YT	XX	Collectivité départementale de Mayotte
YT	ZH	馬約特島
ZA	AR	جنوب أفريقيا
ZA	CA	Sud-àfrica
ZA	DE	Südafrika
ZA	EN	South Africa
ZA	ES	Sudáfrica
ZA	FR	Afrique Du Sud
ZA	IT	Sudafrica
ZA	PT	África do Sul
ZA	RU	ЮАР
ZA	XX	
ZA	ZH	南非
ZM	AR	زامبيا
ZM	CA	Zàmbia
ZM	DE	Sambia
ZM	EN	Zambia
ZM	ES	Zambia
ZM	FR	Zambie
ZM	IT	Zambia
ZM	PT	Zâmbia
ZM	RU	Замбия
ZM	XX	
ZM	ZH	贊比亞
ZW	AR	زيمبابوي
ZW	CA	Zimbabwe
ZW	DE	Simbabwe
ZW	EN	Zimbabwe
ZW	ES	Zimbabue
ZW	FR	Zimbabwe
ZW	IT	Zimbabwe
ZW	PT	Zimbábue
ZW	RU	Зимбабве
ZW	XX	
ZW	ZH	津巴布韋
