A2	A3	Language	Name
AA	AAR	AA	Afaraf
AA	AAR	CA	Àfar
AA	AAR	EN	Afar
AA	AAR	ES	Afar
AA	AAR	FR	Afar
AA	AAR	IT	Afar
AA	AAR	PT	Aafar
AB	ABK	AB	Аҧсуа
AB	ABK	CA	Abkhaz
AB	ABK	EN	Abkhazian
AB	ABK	ES	Abjasiano
AB	ABK	FR	Abkhaze
AB	ABK	IT	Abcaso
AB	ABK	PT	Abecásia
AE	AVE	AE	avesta
AE	AVE	CA	Avèstic
AE	AVE	EN	Avestan
AE	AVE	ES	Avéstico
AE	AVE	FR	Avestique
AE	AVE	IT	Avestico
AE	AVE	PT	Avéstico
AF	AFR	AF	Afrikaans
AF	AFR	CA	Afrikans
AF	AFR	EN	Afrikaans
AF	AFR	ES	Africano
AF	AFR	FR	Afrikaans
AF	AFR	IT	Afrikaans
AF	AFR	PT	Africânder
AI	AIN	EN	Ainu
AI	AIN	ES	Ainu
AI	AIN	FR	Aïnou
AI	AIN	IT	Ainu
AI	AIN	PT	Aino
AK	AKA	AK	Akan
AK	AKA	CA	Àkan
AK	AKA	EN	Akan
AK	AKA	ES	Akano
AK	AKA	FR	Akan
AK	AKA	IT	Akan
AK	AKA	PT	Akan
AM	AMH	AM	አማርኛ
AM	AMH	CA	Amhàric
AM	AMH	EN	Amharic
AM	AMH	ES	Amárico
AM	AMH	FR	Amharique
AM	AMH	IT	Amarico
AM	AMH	PT	Amárico
AN	ARG	AN	Aragonese
AN	ARG	CA	Aragonès
AN	ARG	EN	Aragonese
AN	ARG	ES	Aragonés
AN	ARG	FR	Aragonais
AN	ARG	IT	Aragonese
AN	ARG	PT	Aragonês
AR	ARA	AR	‫العربية
AR	ARA	CA	Àrab
AR	ARA	EN	Arabic
AR	ARA	ES	Árabe
AR	ARA	FR	Arabe
AR	ARA	IT	Arabo
AR	ARA	PT	Árabe
AS	ASM	AS	অসমীয়া
AS	ASM	CA	Assamès
AS	ASM	EN	Assamese
AS	ASM	ES	Asamés
AS	ASM	FR	Assamais
AS	ASM	IT	Assamese
AS	ASM	PT	Assamês
AV	AVA	AV	авар мацӀ; магӀарул мацӀ
AV	AVA	CA	Àvar
AV	AVA	EN	Avaric
AV	AVA	ES	Avar
AV	AVA	FR	Avar
AV	AVA	IT	Avarico
AV	AVA	PT	Avárico
AY	AYM	AY	aymar aru
AY	AYM	CA	Aimara
AY	AYM	EN	Aymara
AY	AYM	ES	Aimara
AY	AYM	FR	Aymara
AY	AYM	IT	Aymara
AY	AYM	PT	Aimará
AZ	AZE	AZ	azərbaycan dili
AZ	AZE	CA	Àzeri
AZ	AZE	EN	Azerbaijani
AZ	AZE	ES	Azerí
AZ	AZE	FR	Azéri
AZ	AZE	IT	Azero
AZ	AZE	PT	Azerbaijano
BA	BAK	BA	башҡорт теле
BA	BAK	CA	Baixkir
BA	BAK	EN	Bashkir
BA	BAK	ES	Baskir
BA	BAK	FR	Bachkir
BA	BAK	IT	Bashkir
BA	BAK	PT	Baxequir
BE	BEL	BE	Беларуская
BE	BEL	CA	Bielorús
BE	BEL	EN	Belarusian
BE	BEL	ES	Bielorruso
BE	BEL	FR	Biélorusse
BE	BEL	IT	Bielorusso
BE	BEL	PT	Bielorusso
BG	BUL	BG	български език
BG	BUL	CA	Búlgar
BG	BUL	EN	Bulgarian
BG	BUL	ES	Búlgaro
BG	BUL	FR	Bulgare
BG	BUL	IT	Bulgaro
BG	BUL	PT	Búlgaro
BH	BIH	BH	भोजपुरी
BH	BIH	CA	Bihari
BH	BIH	EN	Bihari
BH	BIH	ES	Bhojpurí
BH	BIH	FR	Biharis
BH	BIH	IT	Bihari
BH	BIH	PT	Biari
BI	BIS	BI	Bislama
BI	BIS	CA	Bislama
BI	BIS	EN	Bislama
BI	BIS	ES	Bislama
BI	BIS	FR	Bichlamar
BI	BIS	IT	Bislama
BI	BIS	PT	Bislamá Bichlamar
BM	BAM	BM	bamanankan
BM	BAM	CA	Bambara
BM	BAM	EN	Bambara
BM	BAM	ES	Bambara
BM	BAM	FR	Bambara
BM	BAM	IT	Bambara
BM	BAM	PT	Bâmbara
BN	BEN	BN	বাংলা
BN	BEN	CA	Bengalí
BN	BEN	EN	Bengali
BN	BEN	ES	Bengalí
BN	BEN	FR	Bengali
BN	BEN	IT	Bengali
BN	BEN	PT	Bengali
BO	TIB	BO	བོད་ཡིག
BO	TIB	CA	Tibetà
BO	TIB	EN	Tibetan
BO	TIB	ES	Tibetano
BO	TIB	FR	Tibétain
BO	TIB	IT	Tibétain
BO	TIB	PT	Tibetano
BR	BRE	BR	brezhoneg
BR	BRE	CA	Bretó
BR	BRE	EN	Breton
BR	BRE	ES	Bretón
BR	BRE	FR	Breton
BR	BRE	IT	Bretone
BR	BRE	PT	Bretão
BS	BOS	BS	bosanski jezik
BS	BOS	CA	Serbocroat
BS	BOS	EN	Bosnian
BS	BOS	ES	Bosnio
BS	BOS	FR	Bosniaque
BS	BOS	IT	Bosniaco
BS	BOS	PT	Bósnio
CA	CAT	CA	Català
CA	CAT	EN	Catalan
CA	CAT	ES	Catalán
CA	CAT	FR	Catalan
CA	CAT	IT	Catalano
CA	CAT	PT	Catalão
CE	CHE	CA	Txetxè
CE	CHE	CE	нохчийн мотт
CE	CHE	EN	Chechen
CE	CHE	ES	Checheno
CE	CHE	FR	Tchétchène
CE	CHE	IT	Ceceno
CE	CHE	PT	Tchecheno
CH	CHA	CA	Chamorro
CH	CHA	CH	Chamoru
CH	CHA	EN	Chamorro
CH	CHA	ES	Chamorro
CH	CHA	FR	Chamorro
CH	CHA	IT	Chamorro
CH	CHA	PT	Chamorro
CO	COS	CA	Cors
CO	COS	CO	Corsu; lingua corsa
CO	COS	EN	Corsican
CO	COS	ES	Corso
CO	COS	FR	Corse
CO	COS	IT	Corso
CO	COS	PT	Corso
CR	CRE	CA	Cree
CR	CRE	CR	ᓀᐦᐃᔭᐍᐏᐣ
CR	CRE	EN	Cree
CR	CRE	ES	Cree
CR	CRE	FR	Cree
CR	CRE	IT	Cree
CR	CRE	PT	Cree
CS	CZE	CA	Txec
CS	CZE	CS	česky; čeština
CS	CZE	EN	Czech
CS	CZE	ES	Checo
CS	CZE	FR	Tchèque
CS	CZE	IT	Tchèque
CS	CZE	PT	Tcheco
CU	CHU	CA	Antic eslavònic
CU	CHU	CU	ѩзыкъ словѣньскъ
CU	CHU	EN	Church Slavic
CU	CHU	ES	Eslavo
CU	CHU	FR	Slavon d'Église
CU	CHU	IT	Slavo ecclesiastico
CU	CHU	PT	Eslavo eclesiástico
CV	CHV	CA	Txuvaix
CV	CHV	CV	чӑваш чӗлхи
CV	CHV	EN	Chuvash
CV	CHV	ES	Chuvasio
CV	CHV	FR	Tchouvache
CV	CHV	IT	Chuvash
CV	CHV	PT	Tchuvache
CY	WEL	CA	Gal·lès
CY	WEL	CY	Cymraeg
CY	WEL	EN	Welsh
CY	WEL	ES	Galés
CY	WEL	FR	Gallois
CY	WEL	IT	Gallois
CY	WEL	PT	Galês
DA	DAN	CA	Danès
DA	DAN	DA	Dansk
DA	DAN	EN	Danish
DA	DAN	ES	Danés
DA	DAN	FR	Danois
DA	DAN	IT	Danese
DA	DAN	PT	Dinamarquês
DE	GER	CA	Alemany
DE	GER	DE	Deutsch
DE	GER	EN	German
DE	GER	ES	Alemán
DE	GER	FR	Allemand
DE	GER	IT	Germano
DE	GER	PT	Alemão
DV	DIV	CA	Divehi
DV	DIV	DV	‫ދިވެހި
DV	DIV	EN	Maldivian
DV	DIV	ES	Maldivo
DV	DIV	FR	Maldivien
DV	DIV	IT	Divehi
DV	DIV	PT	Divehi
DZ	DZO	CA	Dzongka
DZ	DZO	DZ	རྫོང་ཁ
DZ	DZO	EN	Dzongkha
DZ	DZO	ES	Dzongkha
DZ	DZO	FR	Dzongkha
DZ	DZO	IT	Dzongkha
DZ	DZO	PT	Dzongkha
EE	EWE	CA	Ewe
EE	EWE	EE	Ɛʋɛgbɛ
EE	EWE	EN	Ewe
EE	EWE	ES	Ewe
EE	EWE	FR	Éwé
EE	EWE	IT	Ewe
EE	EWE	PT	Éwé
EL	GRE	CA	Grec modern
EL	GRE	EL	Ελληνικά
EL	GRE	EN	Greek
EL	GRE	ES	Griego
EL	GRE	FR	Grec Moderne
EL	GRE	IT	Greco
EL	GRE	PT	Grego moderno
EN	ENG	CA	Anglès
EN	ENG	EN	English
EN	ENG	ES	Inglés
EN	ENG	FR	Anglais
EN	ENG	IT	Inglese
EN	ENG	PT	Inglês
EO	EPO	CA	Esperanto
EO	EPO	EN	Esperanto
EO	EPO	EO	Esperanto
EO	EPO	ES	Esperanto
EO	EPO	FR	Espéranto
EO	EPO	IT	Esperanto
EO	EPO	PT	Esperanto
ES	SPA	CA	Castellà
ES	SPA	EN	Spanish
ES	SPA	ES	Español
ES	SPA	FR	Castillan
ES	SPA	IT	Spagnolo
ES	SPA	PT	Castelhano
ET	EST	CA	Estonià
ET	EST	EN	Estonian
ET	EST	ES	Estonio
ET	EST	ET	Eesti keel
ET	EST	FR	Estonien
ET	EST	IT	Estone
ET	EST	PT	Estoniano
EU	BAQ	CA	Basc; Èuscar
EU	BAQ	EN	Basque
EU	BAQ	ES	Euskera
EU	BAQ	EU	euskara
EU	BAQ	FR	Basque
EU	BAQ	IT	Basco
EU	BAQ	PT	Basco
FA	PER	CA	Persa
FA	PER	EN	Persian
FA	PER	ES	Persa
FA	PER	FA	‫فارسی
FA	PER	FR	Persan
FA	PER	IT	Persiano
FA	PER	PT	Persa
FF	FUL	CA	Ful
FF	FUL	EN	Fulah
FF	FUL	ES	Fula
FF	FUL	FF	Fulfulde
FF	FUL	FR	Peul
FF	FUL	IT	Fula
FF	FUL	PT	Fula
FI	FIN	CA	Finès; Finlandès
FI	FIN	EN	Finnish
FI	FIN	ES	Finlandés
FI	FIN	FI	suomen kieli
FI	FIN	FR	Finnois
FI	FIN	IT	Finlandese
FI	FIN	PT	Finlandês
FJ	FIJ	CA	Fijià
FJ	FIJ	EN	Fijian
FJ	FIJ	ES	Fijiano
FJ	FIJ	FJ	vosa Vakaviti
FJ	FIJ	FR	Fidjien
FJ	FIJ	IT	Fijiano
FJ	FIJ	PT	Fidjiano
FO	FAO	CA	Feroès
FO	FAO	EN	Faroese
FO	FAO	ES	Feroés
FO	FAO	FO	Føroyskt
FO	FAO	FR	Féroïen
FO	FAO	IT	Faroese
FO	FAO	PT	Feroês
FR	FRE	CA	Francès
FR	FRE	EN	French
FR	FRE	ES	Francés
FR	FRE	FR	Français
FR	FRE	IT	Francese
FR	FRE	PT	Francês
FY	FRY	CA	Frisó
FY	FRY	EN	Western Frisian
FY	FRY	ES	Frisón
FY	FRY	FR	Frison Occidental
FY	FRY	FY	Frysk
FY	FRY	IT	Frisone
FY	FRY	PT	Frisão ou Frísio
GA	GLE	CA	Irlandès; Gaèlic Irlandès
GA	GLE	EN	Irish
GA	GLE	ES	Irlandés
GA	GLE	FR	Irlandais
GA	GLE	GA	Gaeilge
GA	GLE	IT	Gaelico irlandese
GA	GLE	PT	Irlandês
GD	GLA	CA	Gaèlic Escocès; Gaèlic
GD	GLA	EN	Gaelic
GD	GLA	ES	Gaélico Escocés
GD	GLA	FR	Gaélique
GD	GLA	GD	Gàidhlig
GD	GLA	IT	Gaelico scozzese
GD	GLA	PT	Gaélico escocês
GL	GLG	CA	Gallec
GL	GLG	EN	Galician
GL	GLG	ES	Gallego
GL	GLG	FR	Galicien
GL	GLG	GL	Galego
GL	GLG	IT	Galiziano
GL	GLG	PT	Galego
GN	GRN	CA	Guaraní
GN	GRN	EN	Guarani
GN	GRN	ES	Guaraní
GN	GRN	FR	Guarani
GN	GRN	GN	Avañe'ẽ
GN	GRN	IT	Guarani
GN	GRN	PT	Guarani
GU	GUJ	CA	Gujarati
GU	GUJ	EN	Gujarati
GU	GUJ	ES	Guyaratí
GU	GUJ	FR	Goudjrati
GU	GUJ	GU	ગુજરાતી
GU	GUJ	IT	Gujarati
GU	GUJ	PT	Gujarati
GV	GLV	CA	Manx; Gaèlic Manx
GV	GLV	EN	Manx
GV	GLV	ES	Manés
GV	GLV	FR	Mannois
GV	GLV	GV	Ghaelg
GV	GLV	IT	Manx
GV	GLV	PT	Manês
HA	HAU	CA	Haussa
HA	HAU	EN	Hausa
HA	HAU	ES	Hausa
HA	HAU	FR	Haoussa
HA	HAU	HA	‫هَوُسَ
HA	HAU	IT	Hausa
HA	HAU	PT	Haúça
HE	HEB	CA	Hebreu
HE	HEB	EN	Hebrew
HE	HEB	ES	Hebreo
HE	HEB	FR	Hébreu
HE	HEB	HE	‫עברית
HE	HEB	IT	Ebraico
HE	HEB	PT	Hebraico
HI	HIN	CA	Hindi
HI	HIN	EN	Hindi
HI	HIN	ES	Hindú
HI	HIN	FR	Hindi
HI	HIN	HI	हिन्दी; हिंदी
HI	HIN	IT	Hindi
HI	HIN	PT	Hindi
HO	HMO	CA	Motu; Hiri Motu
HO	HMO	EN	Hiri Motu
HO	HMO	ES	Hiri motu
HO	HMO	FR	Hiri Motu
HO	HMO	HO	Hiri Motu
HO	HMO	IT	Hiri Motu
HO	HMO	PT	Hiri Motu
HR	HRV	CA	Serbocroat
HR	HRV	EN	Croatian
HR	HRV	ES	Croata
HR	HRV	FR	Croate
HR	HRV	HR	Hrvatski
HR	HRV	IT	Croate
HR	HRV	PT	Croata
HT	HAT	CA	Haitià; Crioll Haitià
HT	HAT	EN	Haitian
HT	HAT	ES	Haitiano
HT	HAT	FR	Créole Haïtien
HT	HAT	HT	Kreyòl Ayisyen
HT	HAT	IT	Haitiano
HT	HAT	PT	Haitian
HU	HUN	CA	Hongarès
HU	HUN	EN	Hungarian
HU	HUN	ES	Húngaro
HU	HUN	FR	Hongrois
HU	HUN	HU	Magyar
HU	HUN	IT	Ungherese
HU	HUN	PT	Húngaro
HY	ARM	CA	Armeni
HY	ARM	EN	Armenian
HY	ARM	ES	Armenio
HY	ARM	FR	Arménien
HY	ARM	HY	Հայերեն
HY	ARM	IT	Armenio
HY	ARM	PT	Armênio
HZ	HER	CA	Herero
HZ	HER	EN	Herero
HZ	HER	ES	Herero
HZ	HER	FR	Herero
HZ	HER	HZ	Otjiherero
HZ	HER	IT	Herero
HZ	HER	PT	Hereró
IA	INA	CA	Interlingua (llengua auxiliar internacional)
IA	INA	EN	Interlingua
IA	INA	ES	Interlingua
IA	INA	FR	Interlingua
IA	INA	IA	Interlingua
IA	INA	IT	Interlingua
IA	INA	PT	Interlíngua
ID	IND	CA	Indonesi; Bahasa Indonesia; Malai
ID	IND	EN	Indonesian
ID	IND	ES	Indonesio
ID	IND	FR	Indonésien
ID	IND	ID	Bahasa Indonesia
ID	IND	IT	Indonesiano
ID	IND	PT	Indonésio
IE	ILE	CA	Interllengua
IE	ILE	EN	Interlingue
IE	ILE	ES	Occidental
IE	ILE	FR	Interlingue
IE	ILE	IE	Interlingue
IE	ILE	IT	Interlingue
IE	ILE	PT	Interlíngua
IG	IBO	CA	Igbo; Ibo
IG	IBO	EN	Igbo
IG	IBO	ES	Igbo
IG	IBO	FR	Igbo
IG	IBO	IG	Igbo
IG	IBO	IT	Igbo
IG	IBO	PT	Ibo
II	III	CA	Yi
II	III	EN	Sichuan Yi
II	III	ES	Yi de Sichuán
II	III	FR	Yi de Sichuan
II	III	II	ꆇꉙ
II	III	IT	Sichuan Yi
II	III	PT	Yi de Sichuan
IK	IPK	CA	Esquimal; Èsquim; Inuit; Inupiaq
IK	IPK	EN	Inupiaq
IK	IPK	ES	Inupiaq
IK	IPK	FR	Inupiaq
IK	IPK	IK	Iñupiaq; Iñupiatun
IK	IPK	IT	Inupiaq
IK	IPK	PT	Inupiaq
IO	IDO	CA	Esperanto; Ido
IO	IDO	EN	Ido
IO	IDO	ES	Ido
IO	IDO	FR	Ido
IO	IDO	IO	Ido
IO	IDO	IT	Ido
IO	IDO	PT	Ido
IS	ICE	CA	Islandès
IS	ICE	EN	Icelandic
IS	ICE	ES	Islandés
IS	ICE	FR	Islandais
IS	ICE	IS	Íslenska
IS	ICE	IT	Islandais
IS	ICE	PT	Islandês
IT	ITA	CA	Italià
IT	ITA	EN	Italian
IT	ITA	ES	Italiano
IT	ITA	FR	Italien
IT	ITA	IT	Italiano
IT	ITA	PT	Italiano
IU	IKU	CA	Esquimal; Èsquim; Inuit; Inuktitut
IU	IKU	EN	Inuktitut
IU	IKU	ES	Inuktitut
IU	IKU	FR	Inuktitut
IU	IKU	IT	Inuktitut
IU	IKU	IU	ᐃᓄᒃᑎᑐᑦ
IU	IKU	PT	Inuktitut
JA	JPN	CA	Japonès
JA	JPN	EN	Japanese
JA	JPN	ES	Japonés
JA	JPN	FR	Japonais
JA	JPN	IT	Giapponese
JA	JPN	JA	日本語 (にほんご／にっぽんご)
JA	JPN	PT	Japonês
JV	JAV	CA	Javanès
JV	JAV	EN	Javanese
JV	JAV	ES	Javanés
JV	JAV	FR	Javanais
JV	JAV	IT	Giavanese
JV	JAV	JV	basa Jawa
JV	JAV	PT	Javanês
KA	GEO	CA	Georgià
KA	GEO	EN	Georgian
KA	GEO	ES	Georgiano
KA	GEO	FR	Géorgien
KA	GEO	IT	Géorgien
KA	GEO	KA	ქართული
KA	GEO	PT	Georgiano
KG	KON	CA	Kongo
KG	KON	EN	Kongo
KG	KON	ES	Kongo
KG	KON	FR	Kongo
KG	KON	IT	Kongo
KG	KON	KG	KiKongo
KG	KON	PT	Kongo
KI	KIK	CA	Kikuiu
KI	KIK	EN	Kikuyu
KI	KIK	ES	Kikuyu
KI	KIK	FR	Kikuyu
KI	KIK	IT	Kikuyu; Gikuyu
KI	KIK	KI	Gĩkũyũ
KI	KIK	PT	Kikuyu
KJ	KUA	CA	Kwanyama
KJ	KUA	EN	Kuanyama
KJ	KUA	ES	Kuanyama
KJ	KUA	FR	Kuanyama
KJ	KUA	IT	Kuanyama
KJ	KUA	KJ	Kuanyama
KJ	KUA	PT	Oshikwanyama
KK	KAZ	CA	Kazakh
KK	KAZ	EN	Kazakh
KK	KAZ	ES	Kazajo
KK	KAZ	FR	Kazakh
KK	KAZ	IT	Kazaka
KK	KAZ	KK	Қазақ тілі
KK	KAZ	PT	Cazaque
KL	KAL	CA	Esquimal; Èsquim; Inuit; Kalaallisut
KL	KAL	EN	Kalaallisut
KL	KAL	ES	Groenlandés
KL	KAL	FR	Groenlandais
KL	KAL	IT	Groenlandese
KL	KAL	KL	kalaallisut; kalaallit oqaasii
KL	KAL	PT	Groenlandês
KM	KHM	CA	Khmer
KM	KHM	EN	Central Khmer
KM	KHM	ES	Camboyano
KM	KHM	FR	Khmer Central
KM	KHM	IT	Khmer
KM	KHM	KM	ភាសាខ្មែរ
KM	KHM	PT	Khmer
KN	KAN	CA	Kannada
KN	KAN	EN	Kannada
KN	KAN	ES	Canarés
KN	KAN	FR	Kannada
KN	KAN	IT	Kannada
KN	KAN	KN	ಕನ್ನಡ
KN	KAN	PT	Canará
KO	KOR	CA	Coreà
KO	KOR	EN	Korean
KO	KOR	ES	Coreano
KO	KOR	FR	Coréen
KO	KOR	IT	Coreano
KO	KOR	KO	한국어 (韓國語); 조선말 (朝鮮語)
KO	KOR	PT	Coreano
KR	KAU	CA	Kanuri
KR	KAU	EN	Kanuri
KR	KAU	ES	Kanuri
KR	KAU	FR	Kanouri
KR	KAU	IT	Kanuri
KR	KAU	KR	Kanuri
KR	KAU	PT	Kanuri
KS	KAS	CA	Caixmiri
KS	KAS	EN	Kashmiri
KS	KAS	ES	Cachemiro
KS	KAS	FR	Kashmiri
KS	KAS	IT	Kashmiri
KS	KAS	KS	कश्मीरी; كشميري‎
KS	KAS	PT	Cachemir
KU	KUR	CA	Kurd
KU	KUR	EN	Kurdish
KU	KUR	ES	Kurdo
KU	KUR	FR	Kurde
KU	KUR	IT	Curdo
KU	KUR	KU	Kurdî; كوردی‎
KU	KUR	PT	Curdo
KV	KOM	CA	Korni
KV	KOM	EN	Komi
KV	KOM	ES	Komi
KV	KOM	FR	Kom
KV	KOM	IT	Komi
KV	KOM	KV	коми кыв
KV	KOM	PT	Komi
KW	COR	CA	Còrnic
KW	COR	EN	Cornish
KW	COR	ES	Córnico
KW	COR	FR	Cornique
KW	COR	IT	Cornico
KW	COR	KW	Kernewek
KW	COR	PT	Córnico
KY	KIR	CA	Kirguís
KY	KIR	EN	Kirghiz
KY	KIR	ES	Kirguís
KY	KIR	FR	Kirghiz
KY	KIR	IT	Kirghiso
KY	KIR	KY	кыргыз тили
KY	KIR	PT	Quirguiz
LA	LAT	CA	Llatí
LA	LAT	EN	Latin
LA	LAT	ES	Latín
LA	LAT	FR	Latin
LA	LAT	IT	Latino
LA	LAT	LA	Latine; Lingua Latina
LA	LAT	PT	Latim
LB	LTZ	CA	Luxemburguès; Alt Alemany Inferior
LB	LTZ	EN	Luxembourgish
LB	LTZ	ES	Luxemburgués
LB	LTZ	FR	Luxembourgeois
LB	LTZ	IT	Lussemburghese
LB	LTZ	LB	Lëtzebuergesch
LB	LTZ	PT	Luxemburguês
LG	LUG	CA	Ganda
LG	LUG	EN	Ganda
LG	LUG	ES	Luganda
LG	LUG	FR	Ganda
LG	LUG	IT	Ganda
LG	LUG	LG	Luganda
LG	LUG	PT	Luganda
LI	LIM	CA	Limburguès; Flamenc; Neerlandès
LI	LIM	EN	Limburgan
LI	LIM	ES	Limburgués
LI	LIM	FR	Limbourgeois
LI	LIM	IT	Limburghese
LI	LIM	LI	Limburgs
LI	LIM	PT	Limburguês
LN	LIN	CA	Lingala
LN	LIN	EN	Lingala
LN	LIN	ES	Lingala
LN	LIN	FR	Lingala
LN	LIN	IT	Lingala
LN	LIN	LN	Lingála
LN	LIN	PT	Lingala
LO	LAO	CA	Lao; Laosià
LO	LAO	EN	Lao
LO	LAO	ES	Lao
LO	LAO	FR	Lao
LO	LAO	IT	Lao
LO	LAO	LO	ພາສາລາວ
LO	LAO	PT	Laociano
LT	LIT	CA	Lituà
LT	LIT	EN	Lithuanian
LT	LIT	ES	Lituano
LT	LIT	FR	Lituanien
LT	LIT	IT	Lituano
LT	LIT	LT	lietuvių kalba
LT	LIT	PT	Lituano
LU	LUB	CA	Luba
LU	LUB	EN	Luba-Katanga
LU	LUB	ES	Luba-Katanga
LU	LUB	FR	Luba-Katanga
LU	LUB	IT	Luba-katanga
LU	LUB	LU	
LU	LUB	PT	Luba-Katanga
LV	LAV	CA	Letó
LV	LAV	EN	Latvian
LV	LAV	ES	Letón
LV	LAV	FR	Letton
LV	LAV	IT	Lettone
LV	LAV	LV	latviešu valoda
LV	LAV	PT	Letão
MG	MLG	CA	Malgaix
MG	MLG	EN	Malagasy
MG	MLG	ES	Malgache
MG	MLG	FR	Malgache
MG	MLG	IT	Malgascio
MG	MLG	MG	Malagasy fiteny
MG	MLG	PT	Malgaxe
MH	MAH	CA	Marshallès
MH	MAH	EN	Marshallese
MH	MAH	ES	Marshalés
MH	MAH	FR	Marshall
MH	MAH	IT	Marshallese
MH	MAH	MH	Kajin M̧ajeļ
MH	MAH	PT	Marshallês
MI	MAO	CA	Maori
MI	MAO	EN	Maori
MI	MAO	ES	Maorí
MI	MAO	FR	Maori
MI	MAO	IT	Maori
MI	MAO	MI	te reo Māori
MI	MAO	PT	Maori
MK	MAC	CA	Macedoni
MK	MAC	EN	Macedonian
MK	MAC	ES	Macedonio
MK	MAC	FR	Macédonien
MK	MAC	IT	Macédonien
MK	MAC	MK	македонски јазик
MK	MAC	PT	Macedônio
ML	MAL	CA	Malaialam
ML	MAL	EN	Malayalam
ML	MAL	ES	Malayalam
ML	MAL	FR	Malayalam
ML	MAL	IT	Malayalam
ML	MAL	ML	മലയാളം
ML	MAL	PT	Malaiala
MN	MON	CA	Mongol; Khalkha
MN	MON	EN	Mongolian
MN	MON	ES	Mongol
MN	MON	FR	Mongol
MN	MON	IT	Mongolo
MN	MON	MN	Монгол
MN	MON	PT	Mongol
MO	MOL	CA	Moldau
MO	MOL	MO	Limba moldovenească
MO	MOL	PT	Moldavo
MR	MAR	CA	Marathi
MR	MAR	EN	Marathi
MR	MAR	ES	Maratí
MR	MAR	FR	Marathe
MR	MAR	IT	Marathi
MR	MAR	MR	मराठी
MR	MAR	PT	Marata
MS	MAY	CA	Malai
MS	MAY	EN	Malay
MS	MAY	ES	Malayo
MS	MAY	FR	Malais
MS	MAY	IT	Malais
MS	MAY	MS	bahasa Melayu; بهاس ملايو‎
MS	MAY	PT	Malaio
MT	MLT	CA	Maltès
MT	MLT	EN	Maltese
MT	MLT	ES	Maltés
MT	MLT	FR	Maltais
MT	MLT	IT	Maltese
MT	MLT	MT	Malti
MT	MLT	PT	Maltês
MY	BUR	CA	Birmà
MY	BUR	EN	Burmese
MY	BUR	ES	Birmano
MY	BUR	FR	Birman
MY	BUR	IT	Birmano
MY	BUR	MY	ဗမာစာ
MY	BUR	PT	Birmanês
NA	NAU	CA	Nauruà
NA	NAU	EN	Nauru
NA	NAU	ES	Nauruano
NA	NAU	FR	Nauruan
NA	NAU	IT	Nauru
NA	NAU	NA	Ekakairũ Naoero
NA	NAU	PT	Nauruano
NB	NOB	CA	Noruec; Bokmål; Bokmål Noruec; Riksmål
NB	NOB	EN	Bokmål, Norwegia
NB	NOB	ES	Noruego Bokmål
NB	NOB	FR	Bokmål
NB	NOB	IT	Norvegese Bokmål
NB	NOB	NB	Norsk bokmål
NB	NOB	PT	Bokmål Norueguês
ND	NDE	CA	Ndebele del nord
ND	NDE	EN	Ndebele
ND	NDE	ES	Ndebele del Norte
ND	NDE	FR	Ndébélé du Nord
ND	NDE	IT	Ndebele settentrionale
ND	NDE	ND	isiNdebele
ND	NDE	PT	Ndebele do norte
NE	NEP	CA	Nepalès
NE	NEP	EN	Nepali
NE	NEP	ES	Nepalí
NE	NEP	FR	Népalais
NE	NEP	IT	Nepalese
NE	NEP	NE	नेपाली
NE	NEP	PT	Nepali
NG	NDO	CA	Ovambo; Ndonga
NG	NDO	EN	Ndonga
NG	NDO	ES	Ndonga
NG	NDO	FR	Ndonga
NG	NDO	IT	Ndonga
NG	NDO	NG	Owambo
NG	NDO	PT	Ndonga
NL	DUT	CA	Neerlandès; Flamenc; Holandès
NL	DUT	EN	Nederlands; Flemish
NL	DUT	ES	Holandés
NL	DUT	FR	Flamand
NL	DUT	IT	
NL	DUT	NL	Nederlands
NL	DUT	PT	Holandês
NN	NNO	CA	Noruec nynorsk
NN	NNO	EN	Norwegian Nynorsk
NN	NNO	ES	Nynorsk
NN	NNO	FR	Norvégien Nynorsk
NN	NNO	IT	Norvegese Nynorsk
NN	NNO	NN	Norsk nynorsk
NN	NNO	PT	Novo Norueguês
NO	NOR	CA	Noruec
NO	NOR	EN	Norwegian
NO	NOR	ES	Noruego
NO	NOR	FR	Norvégien
NO	NOR	IT	Norvegese
NO	NOR	NO	Norsk
NO	NOR	PT	Norueguês
NR	NBL	CA	Ndebele del sud
NR	NBL	EN	Ndebele
NR	NBL	ES	Ndebele del Sur
NR	NBL	FR	Ndébélé du Sud
NR	NBL	IT	Ndebele meridionale
NR	NBL	NR	Ndébélé
NR	NBL	PT	Ndebele do sul
NV	NAV	CA	Navaho
NV	NAV	EN	Navajo
NV	NAV	ES	Navajo
NV	NAV	FR	Navaho
NV	NAV	IT	Navajo; Navaho
NV	NAV	NV	Diné bizaad; Dinékʼehǰí
NV	NAV	PT	Navajo
NY	NYA	CA	Nyanga; Chewa
NY	NYA	EN	Chichewa
NY	NYA	ES	Chichewa
NY	NYA	FR	Chewa
NY	NYA	IT	Chichewa
NY	NYA	NY	chiCheŵa; chinyanja
NY	NYA	PT	Nianja
OC	OCI	CA	Occità; Llengua d'Oc
OC	OCI	EN	Occitan
OC	OCI	ES	Occitano
OC	OCI	FR	Occitan
OC	OCI	IT	Occitano
OC	OCI	OC	Occitan
OC	OCI	PT	Occitano
OJ	OJI	CA	Ojibwa
OJ	OJI	EN	Ojibwa
OJ	OJI	ES	Ojibwa
OJ	OJI	FR	Ojibwa
OJ	OJI	IT	Ojibwa
OJ	OJI	OJ	ᐊᓂᔑᓈᐯᒧᐎᓐ
OJ	OJI	PT	Chippewa
OM	ORM	CA	Gal·la
OM	ORM	EN	Oromo
OM	ORM	ES	Oromo
OM	ORM	FR	Galla
OM	ORM	IT	Oromo
OM	ORM	OM	Afaan Oromoo
OM	ORM	PT	Oromo
OR	ORI	CA	Oriya
OR	ORI	EN	Oriya
OR	ORI	ES	Oriya
OR	ORI	FR	Oriya
OR	ORI	IT	Oriya
OR	ORI	OR	ଓଡ଼ିଆ
OR	ORI	PT	Oriá
OS	OSS	CA	Osset
OS	OSS	EN	Ossetian
OS	OSS	ES	Osético
OS	OSS	FR	Ossète
OS	OSS	IT	Osseto
OS	OSS	OS	Ирон æвзаг
OS	OSS	PT	Oseto
PA	PAN	CA	Panjabi
PA	PAN	EN	Panjabi
PA	PAN	ES	Panyabí
PA	PAN	FR	Pendjabi
PA	PAN	IT	Punjabi
PA	PAN	PA	ਪੰਜਾਬੀ; پنجابی‎
PA	PAN	PT	Panjabi
PI	PLI	CA	Pali
PI	PLI	EN	Pali
PI	PLI	ES	Pali
PI	PLI	FR	Pali
PI	PLI	IT	Pali
PI	PLI	PI	पाऴि
PI	PLI	PT	Páli
PL	POL	CA	Polonès
PL	POL	EN	Polish
PL	POL	ES	Polaco
PL	POL	FR	Polonais
PL	POL	IT	Polacco
PL	POL	PL	polski
PL	POL	PT	Polaco
PS	PUS	CA	Paixtu
PS	PUS	EN	Pushto
PS	PUS	ES	Pastú
PS	PUS	FR	Pachto
PS	PUS	IT	Pashto
PS	PUS	PS	‫پښتو
PS	PUS	PT	Pachto
PT	POR	CA	Portuguès
PT	POR	EN	Portuguese
PT	POR	ES	Portugués
PT	POR	FR	Portugais
PT	POR	IT	Portoghese
PT	POR	PT	Português
PW	PAU	EN	Palauan
PW	PAU	ES	Palauano
PW	PAU	FR	Palaoan
PW	PAU	IT	Palauana
PW	PAU	PT	Palauano
PW	PAU	PW	Papiamento
QU	QUE	CA	Quitxua
QU	QUE	EN	Quechua
QU	QUE	ES	Quechua
QU	QUE	FR	Quechua
QU	QUE	IT	Quechua
QU	QUE	PT	Quíchua
QU	QUE	QU	Runa Simi; Kichwa
RA	ROA	EN	Romanic
RA	ROA	ES	Romanico
RA	ROA	FR	Romanes
RA	ROA	IT	Lingue romanze
RA	ROA	PT	Romance
RM	ROH	CA	Retoromànic
RM	ROH	EN	Romansh
RM	ROH	ES	Retorrománico
RM	ROH	FR	Romanche
RM	ROH	IT	romancio, Reto-romanzo
RM	ROH	PT	Reto-Romano
RM	ROH	RM	rumantsch grischun
RN	RUN	CA	Rundi
RN	RUN	EN	Rundi
RN	RUN	ES	Kirundi
RN	RUN	FR	Rundi
RN	RUN	IT	Rundi
RN	RUN	PT	Kirundi
RN	RUN	RN	kiRundi
RO	RUM	CA	Romanès
RO	RUM	EN	Moldovan
RO	RUM	ES	Rumano
RO	RUM	FR	Moldave
RO	RUM	IT	Moldave
RO	RUM	PT	Romeno
RO	RUM	RO	Română
RU	RUS	CA	Rus
RU	RUS	EN	Russian
RU	RUS	ES	Ruso
RU	RUS	FR	Russe
RU	RUS	IT	Russo
RU	RUS	PT	Russo
RU	RUS	RU	русский язык
RW	KIN	CA	Ruanda
RW	KIN	EN	Kinyarwanda
RW	KIN	ES	Ruandés
RW	KIN	FR	Rwanda
RW	KIN	IT	Kinyarwanda
RW	KIN	PT	Quiniaruanda
RW	KIN	RW	Ikinyarwanda
SA	SAN	CA	Sànscrit
SA	SAN	EN	Sanskrit
SA	SAN	ES	Sánscrito
SA	SAN	FR	Sanskrit
SA	SAN	IT	Sanscrito
SA	SAN	PT	Sânscrito
SA	SAN	SA	संस्कृतम्
SC	SRD	CA	Sard
SC	SRD	EN	Sardinian
SC	SRD	ES	Sardo
SC	SRD	FR	Sarde
SC	SRD	IT	Sardo
SC	SRD	PT	Sardo
SC	SRD	SC	sardu
SD	SND	CA	Sindhi
SD	SND	EN	Sindhi
SD	SND	ES	Sindhi
SD	SND	FR	Sindhi
SD	SND	IT	Sindhi
SD	SND	PT	Sindi
SD	SND	SD	सिन्धी; ‫سنڌي، سندھی‎
SE	SME	CA	Sami; Saami; Sàmic
SE	SME	EN	Northern Sami
SE	SME	ES	Sami Septentrional
SE	SME	FR	Sami du Nord
SE	SME	IT	Sami settentrionale
SE	SME	PT	Sami do Norte
SE	SME	SE	Davvisámegiella
SG	SAG	CA	Sango
SG	SAG	EN	Sango
SG	SAG	ES	Sango
SG	SAG	FR	Sango
SG	SAG	IT	Sango
SG	SAG	PT	Sango
SG	SAG	SG	yângâ tî sängö
SH	HBS	SH	Српскохрватски
SI	SIN	CA	Singalès
SI	SIN	EN	Sinhala
SI	SIN	ES	Cingalés
SI	SIN	FR	Singhalais
SI	SIN	IT	Singalese; Sinhala
SI	SIN	PT	Cingalês
SI	SIN	SI	සිංහල
SK	SLO	CA	Eslovac
SK	SLO	EN	Slovak
SK	SLO	ES	Eslovaco
SK	SLO	FR	Slovaque
SK	SLO	IT	Slovaque
SK	SLO	PT	Eslovaco
SK	SLO	SK	Slovenčina
SL	SLV	CA	Eslovè; Eslovènic
SL	SLV	EN	Slovenian
SL	SLV	ES	Esloveno
SL	SLV	FR	Slovène
SL	SLV	IT	Sloveno
SL	SLV	PT	Esloveno
SL	SLV	SL	slovenščina
SM	SMO	CA	Samoà
SM	SMO	EN	Samoan
SM	SMO	ES	Samoano
SM	SMO	FR	Samoan
SM	SMO	IT	Samoano
SM	SMO	PT	Samoano
SM	SMO	SM	gagana fa'a Samoa
SN	SNA	CA	Shona
SN	SNA	EN	Shona
SN	SNA	ES	Shona
SN	SNA	FR	Shona
SN	SNA	IT	Shona
SN	SNA	PT	Chona
SN	SNA	SN	chiShona
SO	SOM	CA	Somali
SO	SOM	EN	Somali
SO	SOM	ES	Somalí
SO	SOM	FR	Somali
SO	SOM	IT	Somalo
SO	SOM	PT	Somali
SO	SOM	SO	Soomaaliga; af Soomaali
SQ	ALB	CA	Albanès
SQ	ALB	EN	Albanian
SQ	ALB	ES	Albanés
SQ	ALB	FR	Albanais
SQ	ALB	IT	Albanais
SQ	ALB	PT	Albanês
SQ	ALB	SQ	Shqip
SR	SRP	CA	Serbi; Serbocroat
SR	SRP	EN	Serbian
SR	SRP	ES	Serbio
SR	SRP	FR	Serbe
SR	SRP	IT	Serbe
SR	SRP	PT	Sérvio
SR	SRP	SR	српски језик
SS	SSW	CA	Swazi
SS	SSW	EN	Swati
SS	SSW	ES	Suazi
SS	SSW	FR	Swati
SS	SSW	IT	Swati
SS	SSW	PT	Suázi
SS	SSW	SS	SiSwati
ST	SOT	CA	Sotho del sud
ST	SOT	EN	Sotho, Southern
ST	SOT	ES	Sesotho
ST	SOT	FR	Sotho du Sud
ST	SOT	IT	Sesotho
ST	SOT	PT	Soto do Sul
ST	SOT	ST	seSotho
SU	SUN	CA	Sondanès
SU	SUN	EN	Sundanese
SU	SUN	ES	Sundanés
SU	SUN	FR	Soundanais
SU	SUN	IT	Sondanese
SU	SUN	PT	Sundanês
SU	SUN	SU	Basa Sunda
SV	SWE	CA	Suec
SV	SWE	EN	Swedish
SV	SWE	ES	Sueco
SV	SWE	FR	Suédois
SV	SWE	IT	Svedese
SV	SWE	PT	Sueco
SV	SWE	SV	Svenska
SW	SWA	CA	Suahili
SW	SWA	EN	Swahili
SW	SWA	ES	Suajili
SW	SWA	FR	Swahili
SW	SWA	IT	Swahili
SW	SWA	PT	Suaíli
SW	SWA	SW	Kiswahili
TA	TAM	CA	Tàmil
TA	TAM	EN	Tamil
TA	TAM	ES	Tamil
TA	TAM	FR	Tamoul
TA	TAM	IT	Tamil
TA	TAM	PT	Tâmil
TA	TAM	TA	தமிழ்
TE	TEL	CA	Telugu
TE	TEL	EN	Telugu
TE	TEL	ES	Telugú
TE	TEL	FR	Télougou
TE	TEL	IT	Telugu
TE	TEL	PT	Telugu
TE	TEL	TE	తెలుగు
TG	TGK	CA	Tadjic
TG	TGK	EN	Tajik
TG	TGK	ES	Tayiko
TG	TGK	FR	Tadjik
TG	TGK	IT	Tagico
TG	TGK	PT	Tajique
TG	TGK	TG	тоҷикӣ; toğikī; ‫تاجیکی‎
TH	THA	CA	Tai
TH	THA	EN	Thai
TH	THA	ES	Tailandés
TH	THA	FR	Thaï
TH	THA	IT	Thai
TH	THA	PT	Tailandês
TH	THA	TH	ไทย
TI	TIR	CA	Tigrinya
TI	TIR	EN	Tigrinya
TI	TIR	ES	Tigriña
TI	TIR	FR	Tigrigna
TI	TIR	IT	Tigrino
TI	TIR	PT	Tigrínia
TI	TIR	TI	ትግርኛ
TK	TUK	CA	Turcman
TK	TUK	EN	Turkmen
TK	TUK	ES	Turcomano
TK	TUK	FR	Turkmène
TK	TUK	IT	Turcmeno
TK	TUK	PT	Turcomano
TK	TUK	TK	Türkmen; Түркмен
TL	TGL	CA	Tagàlog
TL	TGL	EN	Tagalog
TL	TGL	ES	Tagalo
TL	TGL	FR	Tagalog
TL	TGL	IT	Tagalog
TL	TGL	PT	Tagalo
TL	TGL	TL	Tagalog
TN	TSN	CA	Tswana
TN	TSN	EN	Tswana
TN	TSN	ES	Setsuana
TN	TSN	FR	Tswana
TN	TSN	IT	Tswana
TN	TSN	PT	Tswana
TN	TSN	TN	seTswana
TO	TON	CA	Tongà
TO	TON	EN	Tonga (Tonga Islands)
TO	TON	ES	Tongano
TO	TON	FR	Tongan
TO	TON	IT	Tonga
TO	TON	PT	Tonganês
TO	TON	TO	faka Tonga
TR	TUR	CA	Turc
TR	TUR	EN	Turkish
TR	TUR	ES	Turco
TR	TUR	FR	Turc
TR	TUR	IT	Turco
TR	TUR	PT	Turco
TR	TUR	TR	Türkçe
TS	TSO	CA	Tsonga
TS	TSO	EN	Tsonga
TS	TSO	ES	Tsonga
TS	TSO	FR	Tsonga
TS	TSO	IT	Tsonga
TS	TSO	PT	Tsonga
TS	TSO	TS	xiTsonga
TT	TAT	CA	Tártaro
TT	TAT	EN	Tatar
TT	TAT	ES	Tártaro
TT	TAT	FR	Tatar
TT	TAT	IT	Tataro
TT	TAT	PT	Tártaro
TT	TAT	TT	татарча; tatarça; ‫تاتارچا‎
TW	TWI	CA	Twi
TW	TWI	EN	Twi
TW	TWI	ES	Twi
TW	TWI	FR	Twi
TW	TWI	IT	Twi
TW	TWI	PT	Twi
TW	TWI	TW	Twi
TY	TAH	CA	Tahitià
TY	TAH	EN	Tahitian
TY	TAH	ES	Tahitiano
TY	TAH	FR	Tahitien
TY	TAH	IT	Tahitiano
TY	TAH	PT	Taitiano
TY	TAH	TY	Reo Mā`ohi
UG	UIG	CA	Uigur
UG	UIG	EN	Uighur
UG	UIG	ES	Uigur
UG	UIG	FR	Ouïgour
UG	UIG	IT	Uighuro
UG	UIG	PT	Uigur
UG	UIG	UG	Uyƣurqə; ‫ئۇيغۇرچ‎
UK	UKR	CA	Ucraïnès
UK	UKR	EN	Ukrainian
UK	UKR	ES	Ucraniano
UK	UKR	FR	Ukrainien
UK	UKR	IT	Ucraino
UK	UKR	PT	Ucraniano
UK	UKR	UK	Українська
UR	URD	CA	Urdú
UR	URD	EN	Urdu
UR	URD	ES	Urdu
UR	URD	FR	Ourdou
UR	URD	IT	Urdu
UR	URD	PT	Urdu
UR	URD	UR	‫اردو
UZ	UZB	CA	Uzbek
UZ	UZB	EN	Uzbek
UZ	UZB	ES	Uzbeko
UZ	UZB	FR	Ouszbek
UZ	UZB	IT	Usbeco
UZ	UZB	PT	Uzbeque
UZ	UZB	UZ	O'zbek; Ўзбек; أۇزبېك‎
VE	VEN	CA	Venda
VE	VEN	EN	Venda
VE	VEN	ES	Venda
VE	VEN	FR	Venda
VE	VEN	IT	Venda
VE	VEN	PT	Venda
VE	VEN	VE	tshiVenḓa
VI	VIE	CA	Annamita; Vietnamita
VI	VIE	EN	Vietnamese
VI	VIE	ES	Vietnamita
VI	VIE	FR	Vietnamien
VI	VIE	IT	Vietnamita
VI	VIE	PT	Vietnamita
VI	VIE	VI	Tiếng Việt
VO	VOL	CA	Volapük
VO	VOL	EN	Volapük
VO	VOL	ES	Volapük
VO	VOL	FR	Volapük
VO	VOL	IT	Volapük
VO	VOL	PT	Volapuque
VO	VOL	VO	Volapük
WA	WLN	CA	Való
WA	WLN	EN	Walloon
WA	WLN	ES	Valón
WA	WLN	FR	Wallon
WA	WLN	IT	Vallone
WA	WLN	PT	Valão
WA	WLN	WA	Walon
WO	WOL	CA	Wòlof
WO	WOL	EN	Wolof
WO	WOL	ES	Wolof
WO	WOL	FR	Wolof
WO	WOL	IT	Wolof
WO	WOL	PT	Wolof
WO	WOL	WO	Wollof
XH	XHO	CA	Xosa
XH	XHO	EN	Xhosa
XH	XHO	ES	Xhosa
XH	XHO	FR	Xhosa
XH	XHO	IT	Xhosa
XH	XHO	PT	Xhosa
XH	XHO	XH	isiXhosa
YI	YID	CA	Judeoalemany; Jíddish
YI	YID	EN	Yiddish
YI	YID	ES	Yídish
YI	YID	FR	Yiddish
YI	YID	IT	Yiddish
YI	YID	PT	Iídiche
YI	YID	YI	‫ייִדיש
YO	YOR	CA	Ioruba
YO	YOR	EN	Yoruba
YO	YOR	ES	Yoruba
YO	YOR	FR	Yoruba
YO	YOR	IT	Yoruba
YO	YOR	PT	Iorubá
YO	YOR	YO	Yorùbá
ZA	ZHA	CA	Zhuang
ZA	ZHA	EN	Zhuang
ZA	ZHA	ES	Chuan
ZA	ZHA	FR	Chuang
ZA	ZHA	IT	Zhuang, Chuang
ZA	ZHA	PT	Zhuang
ZA	ZHA	ZA	Saɯ cueŋƅ; Saw cuengh
ZH	CHI	CA	Xinès
ZH	CHI	EN	Chinese
ZH	CHI	ES	Chino
ZH	CHI	FR	Chinois
ZH	CHI	IT	Chinois
ZH	CHI	PT	Chinês
ZH	CHI	ZH	中文, 汉语, 漢語
ZU	ZUL	CA	Zulu
ZU	ZUL	EN	Zulu
ZU	ZUL	ES	Zulú
ZU	ZUL	FR	Zoulou
ZU	ZUL	IT	Zulu
ZU	ZUL	PT	Zulu
ZU	ZUL	ZU	isiZulu
