ISO	Country	Code	Level	Name	AltName	Version
AL	Shqipëria	AL	0	Shqipëria	Albania	2021
AL	Shqipëria	AL0	1	Shqipëria	Albania	2021
AL	Shqipëria	AL01	2	Veri		2021
AL	Shqipëria	AL011	3	Dibër		2021
AL	Shqipëria	AL012	3	Durrës		2021
AL	Shqipëria	AL013	3	Kukës		2021
AL	Shqipëria	AL014	3	Lezhë		2021
AL	Shqipëria	AL015	3	Shkodër		2021
AL	Shqipëria	AL02	2	Qender		2021
AL	Shqipëria	AL021	3	Elbasan		2021
AL	Shqipëria	AL022	3	Tiranë		2021
AL	Shqipëria	AL03	2	Jug		2021
AL	Shqipëria	AL031	3	Berat		2021
AL	Shqipëria	AL032	3	Fier		2021
AL	Shqipëria	AL033	3	Gjirokastër		2021
AL	Shqipëria	AL034	3	Korcë		2021
AL	Shqipëria	AL035	3	Vlorë		2021
AL	Shqipëria	ALZ	1	Extra-Regio NUTS 1		2021
AL	Shqipëria	ALZZ	2	Extra-Regio NUTS 2		2021
AL	Shqipëria	ALZZZ	3	Extra-Regio NUTS 3		2021
AT	Österreich	AT	0	Österreich	Austria	2021
AT	Österreich	AT1	1	Ostösterreich		2021
AT	Österreich	AT11	2	Burgenland		2021
AT	Österreich	AT111	3	Mittelburgenland		2021
AT	Österreich	AT112	3	Nordburgenland		2021
AT	Österreich	AT113	3	Südburgenland		2021
AT	Österreich	AT12	2	Niederösterreich		2021
AT	Österreich	AT121	3	Mostviertel-Eisenwurzen		2021
AT	Österreich	AT122	3	Niederösterreich-Süd		2021
AT	Österreich	AT123	3	Sankt Pölten		2021
AT	Österreich	AT124	3	Waldviertel		2021
AT	Österreich	AT125	3	Weinviertel		2021
AT	Österreich	AT126	3	Wiener Umland/Nordteil		2021
AT	Österreich	AT127	3	Wiener Umland/Südteil		2021
AT	Österreich	AT13	2	Wien		2021
AT	Österreich	AT130	3	Wien		2021
AT	Österreich	AT2	1	Südösterreich		2021
AT	Österreich	AT21	2	Kärnten		2021
AT	Österreich	AT211	3	Klagenfurt-Villach		2021
AT	Österreich	AT212	3	Oberkärnten		2021
AT	Österreich	AT213	3	Unterkärnten		2021
AT	Österreich	AT22	2	Steiermark		2021
AT	Österreich	AT221	3	Graz		2021
AT	Österreich	AT222	3	Liezen		2021
AT	Österreich	AT223	3	Östliche Obersteiermark		2021
AT	Österreich	AT224	3	Oststeiermark		2021
AT	Österreich	AT225	3	West- und Südsteiermark		2021
AT	Österreich	AT226	3	Westliche Obersteiermark		2021
AT	Österreich	AT3	1	Westösterreich		2021
AT	Österreich	AT31	2	Oberösterreich		2021
AT	Österreich	AT311	3	Innviertel		2021
AT	Österreich	AT312	3	Linz-Wels		2021
AT	Österreich	AT313	3	Mühlviertel		2021
AT	Österreich	AT314	3	Steyr-Kirchdorf		2021
AT	Österreich	AT315	3	Traunviertel		2021
AT	Österreich	AT32	2	Salzburg		2021
AT	Österreich	AT321	3	Lungau		2021
AT	Österreich	AT322	3	Pinzgau-Pongau		2021
AT	Österreich	AT323	3	Salzburg und Umgebung		2021
AT	Österreich	AT33	2	Tirol		2021
AT	Österreich	AT331	3	Außerfern		2021
AT	Österreich	AT332	3	Innsbruck		2021
AT	Österreich	AT333	3	Osttirol		2021
AT	Österreich	AT334	3	Tiroler Oberland		2021
AT	Österreich	AT335	3	Tiroler Unterland		2021
AT	Österreich	AT34	2	Vorarlberg		2021
AT	Österreich	AT341	3	Bludenz-Bregenzer Wald		2021
AT	Österreich	AT342	3	Rheintal-Bodenseegebiet		2021
AT	Österreich	ATZ	1	Extra-Regio NUTS 1		2021
AT	Österreich	ATZZ	2	Extra-Regio NUTS 2		2021
AT	Österreich	ATZZZ	3	Extra-Regio NUTS 3		2021
BE	Belgique/België	BE	0	Belgique/België		2021
BE	Belgique/België	BE1	1	Région de Bruxelles-Capitale/Brussels Hoofdstedelijk Gewest		2021
BE	Belgique/België	BE10	2	Région de Bruxelles-Capitale/ Brussels Hoofdstedelijk Gewest		2021
BE	Belgique/België	BE100	3	Arr. de Bruxelles-Capitale/Arr. Brussel-Hoofdstad		2021
BE	Belgique/België	BE2	1	Vlaams Gewest		2021
BE	Belgique/België	BE21	2	Prov. Antwerpen		2021
BE	Belgique/België	BE211	3	Arr. Antwerpen		2021
BE	Belgique/België	BE212	3	Arr. Mechelen		2021
BE	Belgique/België	BE213	3	Arr. Turnhout		2021
BE	Belgique/België	BE22	2	Prov. Limburg (BE)		2021
BE	Belgique/België	BE223	3	Arr. Tongeren		2021
BE	Belgique/België	BE224	3	Arr. Hasselt		2021
BE	Belgique/België	BE225	3	Arr. Maaseik		2021
BE	Belgique/België	BE23	2	Prov. Oost-Vlaanderen		2021
BE	Belgique/België	BE231	3	Arr. Aalst		2021
BE	Belgique/België	BE232	3	Arr. Dendermonde		2021
BE	Belgique/België	BE233	3	Arr. Eeklo		2021
BE	Belgique/België	BE234	3	Arr. Gent		2021
BE	Belgique/België	BE235	3	Arr. Oudenaarde		2021
BE	Belgique/België	BE236	3	Arr. Sint-Niklaas		2021
BE	Belgique/België	BE24	2	Prov. Vlaams-Brabant		2021
BE	Belgique/België	BE241	3	Arr. Halle-Vilvoorde		2021
BE	Belgique/België	BE242	3	Arr. Leuven		2021
BE	Belgique/België	BE25	2	Prov. West-Vlaanderen		2021
BE	Belgique/België	BE251	3	Arr. Brugge		2021
BE	Belgique/België	BE252	3	Arr. Diksmuide		2021
BE	Belgique/België	BE253	3	Arr. Ieper		2021
BE	Belgique/België	BE254	3	Arr. Kortrijk		2021
BE	Belgique/België	BE255	3	Arr. Oostende		2021
BE	Belgique/België	BE256	3	Arr. Roeselare		2021
BE	Belgique/België	BE257	3	Arr. Tielt		2021
BE	Belgique/België	BE258	3	Arr. Veurne		2021
BE	Belgique/België	BE3	1	Région wallonne		2021
BE	Belgique/België	BE31	2	Prov. Brabant Wallon		2021
BE	Belgique/België	BE310	3	Arr. Nivelles		2021
BE	Belgique/België	BE32	2	Prov. Hainaut		2021
BE	Belgique/België	BE323	3	Arr. Mons		2021
BE	Belgique/België	BE328	3	Arr. Tournai-Mouscron		2021
BE	Belgique/België	BE329	3	Arr. La Louvière		2021
BE	Belgique/België	BE32A	3	Arr. Ath		2021
BE	Belgique/België	BE32B	3	Arr. Charleroi		2021
BE	Belgique/België	BE32C	3	Arr. Soignies		2021
BE	Belgique/België	BE32D	3	Arr. Thuin		2021
BE	Belgique/België	BE33	2	Prov. Liège		2021
BE	Belgique/België	BE331	3	Arr. Huy		2021
BE	Belgique/België	BE332	3	Arr. Liège		2021
BE	Belgique/België	BE334	3	Arr. Waremme		2021
BE	Belgique/België	BE335	3	Arr. Verviers — communes francophones		2021
BE	Belgique/België	BE336	3	Bezirk Verviers — Deutschsprachige Gemeinschaft		2021
BE	Belgique/België	BE34	2	Prov. Luxembourg (BE)		2021
BE	Belgique/België	BE341	3	Arr. Arlon		2021
BE	Belgique/België	BE342	3	Arr. Bastogne		2021
BE	Belgique/België	BE343	3	Arr. Marche-en-Famenne		2021
BE	Belgique/België	BE344	3	Arr. Neufchâteau		2021
BE	Belgique/België	BE345	3	Arr. Virton		2021
BE	Belgique/België	BE35	2	Prov. Namur		2021
BE	Belgique/België	BE351	3	Arr. Dinant		2021
BE	Belgique/België	BE352	3	Arr. Namur		2021
BE	Belgique/België	BE353	3	Arr. Philippeville		2021
BE	Belgique/België	BEZ	1	Extra-Regio NUTS 1		2021
BE	Belgique/België	BEZZ	2	Extra-Regio NUTS 2		2021
BE	Belgique/België	BEZZZ	3	Extra-Regio NUTS 3		2021
BG	България 	BG	0	България 	Bulgaria	2021
BG	България 	BG3	1	Северна и Югоизточна България	Severna i Yugoiztochna Bulgaria	2021
BG	България 	BG31	2	Северозападен	Severozapaden	2021
BG	България 	BG311	3	Видин	Vidin	2021
BG	България 	BG312	3	Монтана	Montana	2021
BG	България 	BG313	3	Враца	Vratsa	2021
BG	България 	BG314	3	Плевен	Pleven	2021
BG	България 	BG315	3	Ловеч	Lovech	2021
BG	България 	BG32	2	Северен централен	Severen tsentralen	2021
BG	България 	BG321	3	Велико Търново	Veliko Tarnovo	2021
BG	България 	BG322	3	Габрово	Gabrovo	2021
BG	България 	BG323	3	Русе	Ruse	2021
BG	България 	BG324	3	Разград	Razgrad	2021
BG	България 	BG325	3	Силистра	Silistra	2021
BG	България 	BG33	2	Североизточен	Severoiztochen	2021
BG	България 	BG331	3	Варна	Varna	2021
BG	България 	BG332	3	Добрич	Dobrich	2021
BG	България 	BG333	3	Шумен	Shumen	2021
BG	България 	BG334	3	Търговище	Targovishte	2021
BG	България 	BG34	2	Югоизточен	Yugoiztochen	2021
BG	България 	BG341	3	Бургас	Burgas	2021
BG	България 	BG342	3	Сливен	Sliven	2021
BG	България 	BG343	3	Ямбол	Yambol	2021
BG	България 	BG344	3	Стара Загора	Stara Zagora	2021
BG	България 	BG4	1	Югозападна и Южна централна България	Yugozapadna i Yuzhna tsentralna Bulgaria	2021
BG	България 	BG41	2	Югозападен	Yugozapaden	2021
BG	България 	BG411	3	София (столица)	Sofia (stolitsa)	2021
BG	България 	BG412	3	София	Sofia	2021
BG	България 	BG413	3	Благоевград	Blagoevgrad	2021
BG	България 	BG414	3	Перник	Pernik	2021
BG	България 	BG415	3	Кюстендил	Kyustendil	2021
BG	България 	BG42	2	Южен централен	Yuzhen tsentralen	2021
BG	България 	BG421	3	Пловдив	Plovdiv	2021
BG	България 	BG422	3	Хасково	Haskovo	2021
BG	България 	BG423	3	Пазарджик	Pazardzhik	2021
BG	България 	BG424	3	Смолян	Smolyan	2021
BG	България 	BG425	3	Кърджали	Kardzhali	2021
BG	България 	BGZ	1	Extra-Regio NUTS 1	Extra-Regio NUTS 1	2021
BG	България 	BGZZ	2	Extra-Regio NUTS 2	Extra-Regio NUTS 2	2021
BG	България 	BGZZZ	3	Extra-Regio NUTS 3	Extra-Regio NUTS 3	2021
CH	Schweiz/Suisse/Svizzera	CH	0	Schweiz/Suisse/Svizzera	Switzerland	2021
CH	Schweiz/Suisse/Svizzera	CH0	1	Schweiz/Suisse/Svizzera	Switzerland	2021
CH	Schweiz/Suisse/Svizzera	CH01	2	Région lémanique		2021
CH	Schweiz/Suisse/Svizzera	CH011	3	Vaud		2021
CH	Schweiz/Suisse/Svizzera	CH012	3	Valais / Wallis		2021
CH	Schweiz/Suisse/Svizzera	CH013	3	Genève		2021
CH	Schweiz/Suisse/Svizzera	CH02	2	Espace Mittelland		2021
CH	Schweiz/Suisse/Svizzera	CH021	3	Bern / Berne		2021
CH	Schweiz/Suisse/Svizzera	CH022	3	Fribourg / Freiburg		2021
CH	Schweiz/Suisse/Svizzera	CH023	3	Solothurn		2021
CH	Schweiz/Suisse/Svizzera	CH024	3	Neuchâtel		2021
CH	Schweiz/Suisse/Svizzera	CH025	3	Jura		2021
CH	Schweiz/Suisse/Svizzera	CH03	2	Nordwestschweiz		2021
CH	Schweiz/Suisse/Svizzera	CH031	3	Basel-Stadt		2021
CH	Schweiz/Suisse/Svizzera	CH032	3	Basel-Landschaft		2021
CH	Schweiz/Suisse/Svizzera	CH033	3	Aargau		2021
CH	Schweiz/Suisse/Svizzera	CH04	2	Zürich		2021
CH	Schweiz/Suisse/Svizzera	CH040	3	Zürich		2021
CH	Schweiz/Suisse/Svizzera	CH05	2	Ostschweiz		2021
CH	Schweiz/Suisse/Svizzera	CH051	3	Glarus		2021
CH	Schweiz/Suisse/Svizzera	CH052	3	Schaffhausen		2021
CH	Schweiz/Suisse/Svizzera	CH053	3	Appenzell Ausserrhoden		2021
CH	Schweiz/Suisse/Svizzera	CH054	3	Appenzell Innerrhoden		2021
CH	Schweiz/Suisse/Svizzera	CH055	3	St. Gallen		2021
CH	Schweiz/Suisse/Svizzera	CH056	3	Graubünden / Grigioni / Grischun		2021
CH	Schweiz/Suisse/Svizzera	CH057	3	Thurgau		2021
CH	Schweiz/Suisse/Svizzera	CH06	2	Zentralschweiz		2021
CH	Schweiz/Suisse/Svizzera	CH061	3	Luzern		2021
CH	Schweiz/Suisse/Svizzera	CH062	3	Uri		2021
CH	Schweiz/Suisse/Svizzera	CH063	3	Schwyz		2021
CH	Schweiz/Suisse/Svizzera	CH064	3	Obwalden		2021
CH	Schweiz/Suisse/Svizzera	CH065	3	Nidwalden		2021
CH	Schweiz/Suisse/Svizzera	CH066	3	Zug		2021
CH	Schweiz/Suisse/Svizzera	CH07	2	Ticino		2021
CH	Schweiz/Suisse/Svizzera	CH070	3	Ticino		2021
CH	Schweiz/Suisse/Svizzera	CHZ	1	Extra-Regio NUTS 1		2021
CH	Schweiz/Suisse/Svizzera	CHZZ	2	Extra-Regio NUTS 2		2021
CH	Schweiz/Suisse/Svizzera	CHZZZ	3	Extra-Regio NUTS 3		2021
CY	Κύπρος 	CY	0	Κύπρος 	Kýpros/Cyprus	2021
CY	Κύπρος 	CY0	1	Κύπρος	Kýpros	2021
CY	Κύπρος 	CY00	2	Κύπρος	Kýpros	2021
CY	Κύπρος 	CY000	3	Κύπρος	Kýpros	2021
CY	Κύπρος 	CYZ	1	Extra-Regio NUTS 1	EXTRA-REGIO NUTS 1	2021
CY	Κύπρος 	CYZZ	2	Extra-Regio NUTS 2	Extra-Regio NUTS 2	2021
CY	Κύπρος 	CYZZZ	3	Extra-Regio NUTS 3	Extra-Regio NUTS 3	2021
CZ	Česko	CZ	0	Česko	Czechia	2021
CZ	Česko	CZ0	1	Česko	Czechia	2021
CZ	Česko	CZ01	2	Praha		2021
CZ	Česko	CZ010	3	Hlavní město Praha		2021
CZ	Česko	CZ02	2	Střední Čechy		2021
CZ	Česko	CZ020	3	Středočeský kraj		2021
CZ	Česko	CZ03	2	Jihozápad		2021
CZ	Česko	CZ031	3	Jihočeský kraj		2021
CZ	Česko	CZ032	3	Plzeňský kraj		2021
CZ	Česko	CZ04	2	Severozápad		2021
CZ	Česko	CZ041	3	Karlovarský kraj		2021
CZ	Česko	CZ042	3	Ústecký kraj		2021
CZ	Česko	CZ05	2	Severovýchod		2021
CZ	Česko	CZ051	3	Liberecký kraj		2021
CZ	Česko	CZ052	3	Královéhradecký kraj		2021
CZ	Česko	CZ053	3	Pardubický kraj		2021
CZ	Česko	CZ06	2	Jihovýchod		2021
CZ	Česko	CZ063	3	Kraj Vysočina		2021
CZ	Česko	CZ064	3	Jihomoravský kraj		2021
CZ	Česko	CZ07	2	Střední Morava		2021
CZ	Česko	CZ071	3	Olomoucký kraj		2021
CZ	Česko	CZ072	3	Zlínský kraj		2021
CZ	Česko	CZ08	2	Moravskoslezsko		2021
CZ	Česko	CZ080	3	Moravskoslezský kraj		2021
CZ	Česko	CZZ	1	Extra-Regio NUTS 1		2021
CZ	Česko	CZZZ	2	Extra-Regio NUTS 2		2021
CZ	Česko	CZZZZ	3	Extra-Regio NUTS 3		2021
DE	Deutschland	DE	0	Deutschland	Germany	2021
DE	Deutschland	DE1	1	Baden-Württemberg		2021
DE	Deutschland	DE11	2	Stuttgart		2021
DE	Deutschland	DE111	3	Stuttgart, Stadtkreis		2021
DE	Deutschland	DE112	3	Böblingen		2021
DE	Deutschland	DE113	3	Esslingen		2021
DE	Deutschland	DE114	3	Göppingen		2021
DE	Deutschland	DE115	3	Ludwigsburg		2021
DE	Deutschland	DE116	3	Rems-Murr-Kreis		2021
DE	Deutschland	DE117	3	Heilbronn, Stadtkreis		2021
DE	Deutschland	DE118	3	Heilbronn, Landkreis		2021
DE	Deutschland	DE119	3	Hohenlohekreis		2021
DE	Deutschland	DE11A	3	Schwäbisch Hall		2021
DE	Deutschland	DE11B	3	Main-Tauber-Kreis		2021
DE	Deutschland	DE11C	3	Heidenheim		2021
DE	Deutschland	DE11D	3	Ostalbkreis		2021
DE	Deutschland	DE12	2	Karlsruhe		2021
DE	Deutschland	DE121	3	Baden-Baden, Stadtkreis		2021
DE	Deutschland	DE122	3	Karlsruhe, Stadtkreis		2021
DE	Deutschland	DE123	3	Karlsruhe, Landkreis		2021
DE	Deutschland	DE124	3	Rastatt		2021
DE	Deutschland	DE125	3	Heidelberg, Stadtkreis		2021
DE	Deutschland	DE126	3	Mannheim, Stadtkreis		2021
DE	Deutschland	DE127	3	Neckar-Odenwald-Kreis		2021
DE	Deutschland	DE128	3	Rhein-Neckar-Kreis		2021
DE	Deutschland	DE129	3	Pforzheim, Stadtkreis		2021
DE	Deutschland	DE12A	3	Calw		2021
DE	Deutschland	DE12B	3	Enzkreis		2021
DE	Deutschland	DE12C	3	Freudenstadt		2021
DE	Deutschland	DE13	2	Freiburg		2021
DE	Deutschland	DE131	3	Freiburg im Breisgau, Stadtkreis		2021
DE	Deutschland	DE132	3	Breisgau-Hochschwarzwald		2021
DE	Deutschland	DE133	3	Emmendingen		2021
DE	Deutschland	DE134	3	Ortenaukreis		2021
DE	Deutschland	DE135	3	Rottweil		2021
DE	Deutschland	DE136	3	Schwarzwald-Baar-Kreis		2021
DE	Deutschland	DE137	3	Tuttlingen		2021
DE	Deutschland	DE138	3	Konstanz		2021
DE	Deutschland	DE139	3	Lörrach		2021
DE	Deutschland	DE13A	3	Waldshut		2021
DE	Deutschland	DE14	2	Tübingen		2021
DE	Deutschland	DE141	3	Reutlingen		2021
DE	Deutschland	DE142	3	Tübingen, Landkreis		2021
DE	Deutschland	DE143	3	Zollernalbkreis		2021
DE	Deutschland	DE144	3	Ulm, Stadtkreis		2021
DE	Deutschland	DE145	3	Alb-Donau-Kreis		2021
DE	Deutschland	DE146	3	Biberach		2021
DE	Deutschland	DE147	3	Bodenseekreis		2021
DE	Deutschland	DE148	3	Ravensburg		2021
DE	Deutschland	DE149	3	Sigmaringen		2021
DE	Deutschland	DE2	1	Bayern		2021
DE	Deutschland	DE21	2	Oberbayern		2021
DE	Deutschland	DE211	3	Ingolstadt, Kreisfreie Stadt		2021
DE	Deutschland	DE212	3	München, Kreisfreie Stadt		2021
DE	Deutschland	DE213	3	Rosenheim, Kreisfreie Stadt		2021
DE	Deutschland	DE214	3	Altötting		2021
DE	Deutschland	DE215	3	Berchtesgadener Land		2021
DE	Deutschland	DE216	3	Bad Tölz-Wolfratshausen		2021
DE	Deutschland	DE217	3	Dachau		2021
DE	Deutschland	DE218	3	Ebersberg		2021
DE	Deutschland	DE219	3	Eichstätt		2021
DE	Deutschland	DE21A	3	Erding		2021
DE	Deutschland	DE21B	3	Freising		2021
DE	Deutschland	DE21C	3	Fürstenfeldbruck		2021
DE	Deutschland	DE21D	3	Garmisch-Partenkirchen		2021
DE	Deutschland	DE21E	3	Landsberg am Lech		2021
DE	Deutschland	DE21F	3	Miesbach		2021
DE	Deutschland	DE21G	3	Mühldorf a. Inn		2021
DE	Deutschland	DE21H	3	München, Landkreis		2021
DE	Deutschland	DE21I	3	Neuburg-Schrobenhausen		2021
DE	Deutschland	DE21J	3	Pfaffenhofen a. d. Ilm		2021
DE	Deutschland	DE21K	3	Rosenheim, Landkreis		2021
DE	Deutschland	DE21L	3	Starnberg		2021
DE	Deutschland	DE21M	3	Traunstein		2021
DE	Deutschland	DE21N	3	Weilheim-Schongau		2021
DE	Deutschland	DE22	2	Niederbayern		2021
DE	Deutschland	DE221	3	Landshut, Kreisfreie Stadt		2021
DE	Deutschland	DE222	3	Passau, Kreisfreie Stadt		2021
DE	Deutschland	DE223	3	Straubing, Kreisfreie Stadt		2021
DE	Deutschland	DE224	3	Deggendorf		2021
DE	Deutschland	DE225	3	Freyung-Grafenau		2021
DE	Deutschland	DE226	3	Kelheim		2021
DE	Deutschland	DE227	3	Landshut, Landkreis		2021
DE	Deutschland	DE228	3	Passau, Landkreis		2021
DE	Deutschland	DE229	3	Regen		2021
DE	Deutschland	DE22A	3	Rottal-Inn		2021
DE	Deutschland	DE22B	3	Straubing-Bogen		2021
DE	Deutschland	DE22C	3	Dingolfing-Landau		2021
DE	Deutschland	DE23	2	Oberpfalz		2021
DE	Deutschland	DE231	3	Amberg, Kreisfreie Stadt		2021
DE	Deutschland	DE232	3	Regensburg, Kreisfreie Stadt		2021
DE	Deutschland	DE233	3	Weiden i. d. Opf, Kreisfreie Stadt		2021
DE	Deutschland	DE234	3	Amberg-Sulzbach		2021
DE	Deutschland	DE235	3	Cham		2021
DE	Deutschland	DE236	3	Neumarkt i. d. OPf.		2021
DE	Deutschland	DE237	3	Neustadt a. d. Waldnaab		2021
DE	Deutschland	DE238	3	Regensburg, Landkreis		2021
DE	Deutschland	DE239	3	Schwandorf		2021
DE	Deutschland	DE23A	3	Tirschenreuth		2021
DE	Deutschland	DE24	2	Oberfranken		2021
DE	Deutschland	DE241	3	Bamberg, Kreisfreie Stadt		2021
DE	Deutschland	DE242	3	Bayreuth, Kreisfreie Stadt		2021
DE	Deutschland	DE243	3	Coburg, Kreisfreie Stadt		2021
DE	Deutschland	DE244	3	Hof, Kreisfreie Stadt		2021
DE	Deutschland	DE245	3	Bamberg, Landkreis		2021
DE	Deutschland	DE246	3	Bayreuth, Landkreis		2021
DE	Deutschland	DE247	3	Coburg, Landkreis		2021
DE	Deutschland	DE248	3	Forchheim		2021
DE	Deutschland	DE249	3	Hof, Landkreis		2021
DE	Deutschland	DE24A	3	Kronach		2021
DE	Deutschland	DE24B	3	Kulmbach		2021
DE	Deutschland	DE24C	3	Lichtenfels		2021
DE	Deutschland	DE24D	3	Wunsiedel i. Fichtelgebirge		2021
DE	Deutschland	DE25	2	Mittelfranken		2021
DE	Deutschland	DE251	3	Ansbach, Kreisfreie Stadt		2021
DE	Deutschland	DE252	3	Erlangen, Kreisfreie Stadt		2021
DE	Deutschland	DE253	3	Fürth, Kreisfreie Stadt		2021
DE	Deutschland	DE254	3	Nürnberg, Kreisfreie Stadt		2021
DE	Deutschland	DE255	3	Schwabach, Kreisfreie Stadt		2021
DE	Deutschland	DE256	3	Ansbach, Landkreis		2021
DE	Deutschland	DE257	3	Erlangen-Höchstadt		2021
DE	Deutschland	DE258	3	Fürth, Landkreis		2021
DE	Deutschland	DE259	3	Nürnberger Land		2021
DE	Deutschland	DE25A	3	Neustadt a. d. Aisch-Bad Windsheim		2021
DE	Deutschland	DE25B	3	Roth		2021
DE	Deutschland	DE25C	3	Weißenburg-Gunzenhausen		2021
DE	Deutschland	DE26	2	Unterfranken		2021
DE	Deutschland	DE261	3	Aschaffenburg, Kreisfreie Stadt		2021
DE	Deutschland	DE262	3	Schweinfurt, Kreisfreie Stadt		2021
DE	Deutschland	DE263	3	Würzburg, Kreisfreie Stadt		2021
DE	Deutschland	DE264	3	Aschaffenburg, Landkreis		2021
DE	Deutschland	DE265	3	Bad Kissingen		2021
DE	Deutschland	DE266	3	Rhön-Grabfeld		2021
DE	Deutschland	DE267	3	Haßberge		2021
DE	Deutschland	DE268	3	Kitzingen		2021
DE	Deutschland	DE269	3	Miltenberg		2021
DE	Deutschland	DE26A	3	Main-Spessart		2021
DE	Deutschland	DE26B	3	Schweinfurt, Landkreis		2021
DE	Deutschland	DE26C	3	Würzburg, Landkreis		2021
DE	Deutschland	DE27	2	Schwaben		2021
DE	Deutschland	DE271	3	Augsburg, Kreisfreie Stadt		2021
DE	Deutschland	DE272	3	Kaufbeuren, Kreisfreie Stadt		2021
DE	Deutschland	DE273	3	Kempten (Allgäu), Kreisfreie Stadt		2021
DE	Deutschland	DE274	3	Memmingen, Kreisfreie Stadt		2021
DE	Deutschland	DE275	3	Aichach-Friedberg		2021
DE	Deutschland	DE276	3	Augsburg, Landkreis		2021
DE	Deutschland	DE277	3	Dillingen a.d. Donau		2021
DE	Deutschland	DE278	3	Günzburg		2021
DE	Deutschland	DE279	3	Neu-Ulm		2021
DE	Deutschland	DE27A	3	Lindau (Bodensee)		2021
DE	Deutschland	DE27B	3	Ostallgäu		2021
DE	Deutschland	DE27C	3	Unterallgäu		2021
DE	Deutschland	DE27D	3	Donau-Ries		2021
DE	Deutschland	DE27E	3	Oberallgäu		2021
DE	Deutschland	DE3	1	Berlin		2021
DE	Deutschland	DE30	2	Berlin		2021
DE	Deutschland	DE300	3	Berlin		2021
DE	Deutschland	DE4	1	Brandenburg		2021
DE	Deutschland	DE40	2	Brandenburg		2021
DE	Deutschland	DE401	3	Brandenburg an der Havel, Kreisfreie Stadt		2021
DE	Deutschland	DE402	3	Cottbus, Kreisfreie Stadt		2021
DE	Deutschland	DE403	3	Frankfurt (Oder), Kreisfreie Stadt		2021
DE	Deutschland	DE404	3	Potsdam, Kreisfreie Stadt		2021
DE	Deutschland	DE405	3	Barnim		2021
DE	Deutschland	DE406	3	Dahme-Spreewald		2021
DE	Deutschland	DE407	3	Elbe-Elster		2021
DE	Deutschland	DE408	3	Havelland		2021
DE	Deutschland	DE409	3	Märkisch-Oderland		2021
DE	Deutschland	DE40A	3	Oberhavel		2021
DE	Deutschland	DE40B	3	Oberspreewald-Lausitz		2021
DE	Deutschland	DE40C	3	Oder-Spree		2021
DE	Deutschland	DE40D	3	Ostprignitz-Ruppin		2021
DE	Deutschland	DE40E	3	Potsdam-Mittelmark		2021
DE	Deutschland	DE40F	3	Prignitz		2021
DE	Deutschland	DE40G	3	Spree-Neiße		2021
DE	Deutschland	DE40H	3	Teltow-Fläming		2021
DE	Deutschland	DE40I	3	Uckermark		2021
DE	Deutschland	DE5	1	Bremen		2021
DE	Deutschland	DE50	2	Bremen		2021
DE	Deutschland	DE501	3	Bremen, Kreisfreie Stadt		2021
DE	Deutschland	DE502	3	Bremerhaven, Kreisfreie Stadt		2021
DE	Deutschland	DE6	1	Hamburg		2021
DE	Deutschland	DE60	2	Hamburg		2021
DE	Deutschland	DE600	3	Hamburg		2021
DE	Deutschland	DE7	1	Hessen		2021
DE	Deutschland	DE71	2	Darmstadt		2021
DE	Deutschland	DE711	3	Darmstadt, Kreisfreie Stadt		2021
DE	Deutschland	DE712	3	Frankfurt am Main, Kreisfreie Stadt		2021
DE	Deutschland	DE713	3	Offenbach am Main, Kreisfreie Stadt		2021
DE	Deutschland	DE714	3	Wiesbaden, Kreisfreie Stadt		2021
DE	Deutschland	DE715	3	Bergstraße		2021
DE	Deutschland	DE716	3	Darmstadt-Dieburg		2021
DE	Deutschland	DE717	3	Groß-Gerau		2021
DE	Deutschland	DE718	3	Hochtaunuskreis		2021
DE	Deutschland	DE719	3	Main-Kinzig-Kreis		2021
DE	Deutschland	DE71A	3	Main-Taunus-Kreis		2021
DE	Deutschland	DE71B	3	Odenwaldkreis		2021
DE	Deutschland	DE71C	3	Offenbach, Landkreis		2021
DE	Deutschland	DE71D	3	Rheingau-Taunus-Kreis		2021
DE	Deutschland	DE71E	3	Wetteraukreis		2021
DE	Deutschland	DE72	2	Gießen		2021
DE	Deutschland	DE721	3	Gießen, Landkreis		2021
DE	Deutschland	DE722	3	Lahn-Dill-Kreis		2021
DE	Deutschland	DE723	3	Limburg-Weilburg		2021
DE	Deutschland	DE724	3	Marburg-Biedenkopf		2021
DE	Deutschland	DE725	3	Vogelsbergkreis		2021
DE	Deutschland	DE73	2	Kassel		2021
DE	Deutschland	DE731	3	Kassel, Kreisfreie Stadt		2021
DE	Deutschland	DE732	3	Fulda		2021
DE	Deutschland	DE733	3	Hersfeld-Rotenburg		2021
DE	Deutschland	DE734	3	Kassel, Landkreis		2021
DE	Deutschland	DE735	3	Schwalm-Eder-Kreis		2021
DE	Deutschland	DE736	3	Waldeck-Frankenberg		2021
DE	Deutschland	DE737	3	Werra-Meißner-Kreis		2021
DE	Deutschland	DE8	1	Mecklenburg-Vorpommern		2021
DE	Deutschland	DE80	2	Mecklenburg-Vorpommern		2021
DE	Deutschland	DE803	3	Rostock, Kreisfreie Stadt		2021
DE	Deutschland	DE804	3	Schwerin, Kreisfreie Stadt		2021
DE	Deutschland	DE80J	3	Mecklenburgische Seenplatte		2021
DE	Deutschland	DE80K	3	Landkreis Rostock		2021
DE	Deutschland	DE80L	3	Vorpommern-Rügen		2021
DE	Deutschland	DE80M	3	Nordwestmecklenburg		2021
DE	Deutschland	DE80N	3	Vorpommern-Greifswald		2021
DE	Deutschland	DE80O	3	Ludwigslust-Parchim		2021
DE	Deutschland	DE9	1	Niedersachsen		2021
DE	Deutschland	DE91	2	Braunschweig		2021
DE	Deutschland	DE911	3	Braunschweig, Kreisfreie Stadt		2021
DE	Deutschland	DE912	3	Salzgitter, Kreisfreie Stadt		2021
DE	Deutschland	DE913	3	Wolfsburg, Kreisfreie Stadt		2021
DE	Deutschland	DE914	3	Gifhorn		2021
DE	Deutschland	DE916	3	Goslar		2021
DE	Deutschland	DE917	3	Helmstedt		2021
DE	Deutschland	DE918	3	Northeim		2021
DE	Deutschland	DE91A	3	Peine		2021
DE	Deutschland	DE91B	3	Wolfenbüttel		2021
DE	Deutschland	DE91C	3	Göttingen		2021
DE	Deutschland	DE92	2	Hannover		2021
DE	Deutschland	DE922	3	Diepholz		2021
DE	Deutschland	DE923	3	Hameln-Pyrmont		2021
DE	Deutschland	DE925	3	Hildesheim		2021
DE	Deutschland	DE926	3	Holzminden		2021
DE	Deutschland	DE927	3	Nienburg (Weser)		2021
DE	Deutschland	DE928	3	Schaumburg		2021
DE	Deutschland	DE929	3	Region Hannover		2021
DE	Deutschland	DE93	2	Lüneburg		2021
DE	Deutschland	DE931	3	Celle		2021
DE	Deutschland	DE932	3	Cuxhaven		2021
DE	Deutschland	DE933	3	Harburg		2021
DE	Deutschland	DE934	3	Lüchow-Dannenberg		2021
DE	Deutschland	DE935	3	Lüneburg, Landkreis		2021
DE	Deutschland	DE936	3	Osterholz		2021
DE	Deutschland	DE937	3	Rotenburg (Wümme)		2021
DE	Deutschland	DE938	3	Heidekreis		2021
DE	Deutschland	DE939	3	Stade		2021
DE	Deutschland	DE93A	3	Uelzen		2021
DE	Deutschland	DE93B	3	Verden		2021
DE	Deutschland	DE94	2	Weser-Ems		2021
DE	Deutschland	DE941	3	Delmenhorst, Kreisfreie Stadt		2021
DE	Deutschland	DE942	3	Emden, Kreisfreie Stadt		2021
DE	Deutschland	DE943	3	Oldenburg (Oldenburg), Kreisfreie Stadt		2021
DE	Deutschland	DE944	3	Osnabrück, Kreisfreie Stadt		2021
DE	Deutschland	DE945	3	Wilhelmshaven, Kreisfreie Stadt		2021
DE	Deutschland	DE946	3	Ammerland		2021
DE	Deutschland	DE947	3	Aurich		2021
DE	Deutschland	DE948	3	Cloppenburg		2021
DE	Deutschland	DE949	3	Emsland		2021
DE	Deutschland	DE94A	3	Friesland (DE)		2021
DE	Deutschland	DE94B	3	Grafschaft Bentheim		2021
DE	Deutschland	DE94C	3	Leer		2021
DE	Deutschland	DE94D	3	Oldenburg, Landkreis		2021
DE	Deutschland	DE94E	3	Osnabrück, Landkreis		2021
DE	Deutschland	DE94F	3	Vechta		2021
DE	Deutschland	DE94G	3	Wesermarsch		2021
DE	Deutschland	DE94H	3	Wittmund		2021
DE	Deutschland	DEA	1	Nordrhein-Westfalen		2021
DE	Deutschland	DEA1	2	Düsseldorf		2021
DE	Deutschland	DEA11	3	Düsseldorf, Kreisfreie Stadt		2021
DE	Deutschland	DEA12	3	Duisburg, Kreisfreie Stadt		2021
DE	Deutschland	DEA13	3	Essen, Kreisfreie Stadt		2021
DE	Deutschland	DEA14	3	Krefeld, Kreisfreie Stadt		2021
DE	Deutschland	DEA15	3	Mönchengladbach, Kreisfreie Stadt		2021
DE	Deutschland	DEA16	3	Mülheim an der Ruhr, Kreisfreie Stadt		2021
DE	Deutschland	DEA17	3	Oberhausen, Kreisfreie Stadt		2021
DE	Deutschland	DEA18	3	Remscheid, Kreisfreie Stadt		2021
DE	Deutschland	DEA19	3	Solingen, Kreisfreie Stadt		2021
DE	Deutschland	DEA1A	3	Wuppertal, Kreisfreie Stadt		2021
DE	Deutschland	DEA1B	3	Kleve		2021
DE	Deutschland	DEA1C	3	Mettmann		2021
DE	Deutschland	DEA1D	3	Rhein-Kreis Neuss		2021
DE	Deutschland	DEA1E	3	Viersen		2021
DE	Deutschland	DEA1F	3	Wesel		2021
DE	Deutschland	DEA2	2	Köln		2021
DE	Deutschland	DEA22	3	Bonn, Kreisfreie Stadt		2021
DE	Deutschland	DEA23	3	Köln, Kreisfreie Stadt		2021
DE	Deutschland	DEA24	3	Leverkusen, Kreisfreie Stadt		2021
DE	Deutschland	DEA26	3	Düren		2021
DE	Deutschland	DEA27	3	Rhein-Erft-Kreis		2021
DE	Deutschland	DEA28	3	Euskirchen		2021
DE	Deutschland	DEA29	3	Heinsberg		2021
DE	Deutschland	DEA2A	3	Oberbergischer Kreis		2021
DE	Deutschland	DEA2B	3	Rheinisch-Bergischer Kreis		2021
DE	Deutschland	DEA2C	3	Rhein-Sieg-Kreis		2021
DE	Deutschland	DEA2D	3	Städteregion Aachen		2021
DE	Deutschland	DEA3	2	Münster		2021
DE	Deutschland	DEA31	3	Bottrop, Kreisfreie Stadt		2021
DE	Deutschland	DEA32	3	Gelsenkirchen, Kreisfreie Stadt		2021
DE	Deutschland	DEA33	3	Münster, Kreisfreie Stadt		2021
DE	Deutschland	DEA34	3	Borken		2021
DE	Deutschland	DEA35	3	Coesfeld		2021
DE	Deutschland	DEA36	3	Recklinghausen		2021
DE	Deutschland	DEA37	3	Steinfurt		2021
DE	Deutschland	DEA38	3	Warendorf		2021
DE	Deutschland	DEA4	2	Detmold		2021
DE	Deutschland	DEA41	3	Bielefeld, Kreisfreie Stadt		2021
DE	Deutschland	DEA42	3	Gütersloh		2021
DE	Deutschland	DEA43	3	Herford		2021
DE	Deutschland	DEA44	3	Höxter		2021
DE	Deutschland	DEA45	3	Lippe		2021
DE	Deutschland	DEA46	3	Minden-Lübbecke		2021
DE	Deutschland	DEA47	3	Paderborn		2021
DE	Deutschland	DEA5	2	Arnsberg		2021
DE	Deutschland	DEA51	3	Bochum, Kreisfreie Stadt		2021
DE	Deutschland	DEA52	3	Dortmund, Kreisfreie Stadt		2021
DE	Deutschland	DEA53	3	Hagen, Kreisfreie Stadt		2021
DE	Deutschland	DEA54	3	Hamm, Kreisfreie Stadt		2021
DE	Deutschland	DEA55	3	Herne, Kreisfreie Stadt		2021
DE	Deutschland	DEA56	3	Ennepe-Ruhr-Kreis		2021
DE	Deutschland	DEA57	3	Hochsauerlandkreis		2021
DE	Deutschland	DEA58	3	Märkischer Kreis		2021
DE	Deutschland	DEA59	3	Olpe		2021
DE	Deutschland	DEA5A	3	Siegen-Wittgenstein		2021
DE	Deutschland	DEA5B	3	Soest		2021
DE	Deutschland	DEA5C	3	Unna		2021
DE	Deutschland	DEB	1	Rheinland-Pfalz		2021
DE	Deutschland	DEB1	2	Koblenz		2021
DE	Deutschland	DEB11	3	Koblenz, Kreisfreie Stadt		2021
DE	Deutschland	DEB12	3	Ahrweiler		2021
DE	Deutschland	DEB13	3	Altenkirchen (Westerwald)		2021
DE	Deutschland	DEB14	3	Bad Kreuznach		2021
DE	Deutschland	DEB15	3	Birkenfeld		2021
DE	Deutschland	DEB17	3	Mayen-Koblenz		2021
DE	Deutschland	DEB18	3	Neuwied		2021
DE	Deutschland	DEB1A	3	Rhein-Lahn-Kreis		2021
DE	Deutschland	DEB1B	3	Westerwaldkreis		2021
DE	Deutschland	DEB1C	3	Cochem-Zell		2021
DE	Deutschland	DEB1D	3	Rhein-Hunsrück-Kreis		2021
DE	Deutschland	DEB2	2	Trier		2021
DE	Deutschland	DEB21	3	Trier, Kreisfreie Stadt		2021
DE	Deutschland	DEB22	3	Bernkastel-Wittlich		2021
DE	Deutschland	DEB23	3	Eifelkreis Bitburg-Prüm		2021
DE	Deutschland	DEB24	3	Vulkaneifel		2021
DE	Deutschland	DEB25	3	Trier-Saarburg		2021
DE	Deutschland	DEB3	2	Rheinhessen-Pfalz		2021
DE	Deutschland	DEB31	3	Frankenthal (Pfalz), Kreisfreie Stadt		2021
DE	Deutschland	DEB32	3	Kaiserslautern, Kreisfreie Stadt		2021
DE	Deutschland	DEB33	3	Landau in der Pfalz, Kreisfreie Stadt		2021
DE	Deutschland	DEB34	3	Ludwigshafen am Rhein, Kreisfreie Stadt		2021
DE	Deutschland	DEB35	3	Mainz, Kreisfreie Stadt		2021
DE	Deutschland	DEB36	3	Neustadt an der Weinstraße, Kreisfreie Stadt		2021
DE	Deutschland	DEB37	3	Pirmasens, Kreisfreie Stadt		2021
DE	Deutschland	DEB38	3	Speyer, Kreisfreie Stadt		2021
DE	Deutschland	DEB39	3	Worms, Kreisfreie Stadt		2021
DE	Deutschland	DEB3A	3	Zweibrücken, Kreisfreie Stadt		2021
DE	Deutschland	DEB3B	3	Alzey-Worms		2021
DE	Deutschland	DEB3C	3	Bad Dürkheim		2021
DE	Deutschland	DEB3D	3	Donnersbergkreis		2021
DE	Deutschland	DEB3E	3	Germersheim		2021
DE	Deutschland	DEB3F	3	Kaiserslautern, Landkreis		2021
DE	Deutschland	DEB3G	3	Kusel		2021
DE	Deutschland	DEB3H	3	Südliche Weinstraße		2021
DE	Deutschland	DEB3I	3	Rhein-Pfalz-Kreis		2021
DE	Deutschland	DEB3J	3	Mainz-Bingen		2021
DE	Deutschland	DEB3K	3	Südwestpfalz		2021
DE	Deutschland	DEC	1	Saarland		2021
DE	Deutschland	DEC0	2	Saarland		2021
DE	Deutschland	DEC01	3	Regionalverband Saarbrücken		2021
DE	Deutschland	DEC02	3	Merzig-Wadern		2021
DE	Deutschland	DEC03	3	Neunkirchen		2021
DE	Deutschland	DEC04	3	Saarlouis		2021
DE	Deutschland	DEC05	3	Saarpfalz-Kreis		2021
DE	Deutschland	DEC06	3	St. Wendel		2021
DE	Deutschland	DED	1	Sachsen		2021
DE	Deutschland	DED2	2	Dresden		2021
DE	Deutschland	DED21	3	Dresden, Kreisfreie Stadt		2021
DE	Deutschland	DED2C	3	Bautzen		2021
DE	Deutschland	DED2D	3	Görlitz		2021
DE	Deutschland	DED2E	3	Meißen		2021
DE	Deutschland	DED2F	3	Sächsische Schweiz-Osterzgebirge		2021
DE	Deutschland	DED4	2	Chemnitz		2021
DE	Deutschland	DED41	3	Chemnitz, Kreisfreie Stadt		2021
DE	Deutschland	DED42	3	Erzgebirgskreis		2021
DE	Deutschland	DED43	3	Mittelsachsen		2021
DE	Deutschland	DED44	3	Vogtlandkreis		2021
DE	Deutschland	DED45	3	Zwickau		2021
DE	Deutschland	DED5	2	Leipzig		2021
DE	Deutschland	DED51	3	Leipzig, Kreisfreie Stadt		2021
DE	Deutschland	DED52	3	Leipzig		2021
DE	Deutschland	DED53	3	Nordsachsen		2021
DE	Deutschland	DEE	1	Sachsen-Anhalt		2021
DE	Deutschland	DEE0	2	Sachsen-Anhalt		2021
DE	Deutschland	DEE01	3	Dessau-Roßlau, Kreisfreie Stadt		2021
DE	Deutschland	DEE02	3	Halle (Saale), Kreisfreie Stadt		2021
DE	Deutschland	DEE03	3	Magdeburg, Kreisfreie Stadt		2021
DE	Deutschland	DEE04	3	Altmarkkreis Salzwedel		2021
DE	Deutschland	DEE05	3	Anhalt-Bitterfeld		2021
DE	Deutschland	DEE06	3	Jerichower Land		2021
DE	Deutschland	DEE07	3	Börde		2021
DE	Deutschland	DEE08	3	Burgenlandkreis		2021
DE	Deutschland	DEE09	3	Harz		2021
DE	Deutschland	DEE0A	3	Mansfeld-Südharz		2021
DE	Deutschland	DEE0B	3	Saalekreis		2021
DE	Deutschland	DEE0C	3	Salzlandkreis		2021
DE	Deutschland	DEE0D	3	Stendal		2021
DE	Deutschland	DEE0E	3	Wittenberg		2021
DE	Deutschland	DEF	1	Schleswig-Holstein		2021
DE	Deutschland	DEF0	2	Schleswig-Holstein		2021
DE	Deutschland	DEF01	3	Flensburg, Kreisfreie Stadt		2021
DE	Deutschland	DEF02	3	Kiel, Kreisfreie Stadt		2021
DE	Deutschland	DEF03	3	Lübeck, Kreisfreie Stadt		2021
DE	Deutschland	DEF04	3	Neumünster, Kreisfreie Stadt		2021
DE	Deutschland	DEF05	3	Dithmarschen		2021
DE	Deutschland	DEF06	3	Herzogtum Lauenburg		2021
DE	Deutschland	DEF07	3	Nordfriesland		2021
DE	Deutschland	DEF08	3	Ostholstein		2021
DE	Deutschland	DEF09	3	Pinneberg		2021
DE	Deutschland	DEF0A	3	Plön		2021
DE	Deutschland	DEF0B	3	Rendsburg-Eckernförde		2021
DE	Deutschland	DEF0C	3	Schleswig-Flensburg		2021
DE	Deutschland	DEF0D	3	Segeberg		2021
DE	Deutschland	DEF0E	3	Steinburg		2021
DE	Deutschland	DEF0F	3	Stormarn		2021
DE	Deutschland	DEG	1	Thüringen		2021
DE	Deutschland	DEG0	2	Thüringen		2021
DE	Deutschland	DEG01	3	Erfurt, Kreisfreie Stadt		2021
DE	Deutschland	DEG02	3	Gera, Kreisfreie Stadt		2021
DE	Deutschland	DEG03	3	Jena, Kreisfreie Stadt		2021
DE	Deutschland	DEG04	3	Suhl, Kreisfreie Stadt		2021
DE	Deutschland	DEG05	3	Weimar, Kreisfreie Stadt		2021
DE	Deutschland	DEG06	3	Eichsfeld		2021
DE	Deutschland	DEG07	3	Nordhausen		2021
DE	Deutschland	DEG09	3	Unstrut-Hainich-Kreis		2021
DE	Deutschland	DEG0A	3	Kyffhäuserkreis		2021
DE	Deutschland	DEG0B	3	Schmalkalden-Meiningen		2021
DE	Deutschland	DEG0C	3	Gotha		2021
DE	Deutschland	DEG0D	3	Sömmerda		2021
DE	Deutschland	DEG0E	3	Hildburghausen		2021
DE	Deutschland	DEG0F	3	Ilm-Kreis		2021
DE	Deutschland	DEG0G	3	Weimarer Land		2021
DE	Deutschland	DEG0H	3	Sonneberg		2021
DE	Deutschland	DEG0I	3	Saalfeld-Rudolstadt		2021
DE	Deutschland	DEG0J	3	Saale-Holzland-Kreis		2021
DE	Deutschland	DEG0K	3	Saale-Orla-Kreis		2021
DE	Deutschland	DEG0L	3	Greiz		2021
DE	Deutschland	DEG0M	3	Altenburger Land		2021
DE	Deutschland	DEG0N	3	Eisenach, Kreisfreie Stadt		2021
DE	Deutschland	DEG0P	3	Wartburgkreis		2021
DE	Deutschland	DEZ	1	Extra-Regio NUTS 1		2021
DE	Deutschland	DEZZ	2	Extra-Regio NUTS 2		2021
DE	Deutschland	DEZZZ	3	Extra-Regio NUTS 3		2021
DK	Danmark	DK	0	Danmark		2021
DK	Danmark	DK0	1	Danmark		2021
DK	Danmark	DK01	2	Hovedstaden		2021
DK	Danmark	DK011	3	Byen København		2021
DK	Danmark	DK012	3	Københavns omegn		2021
DK	Danmark	DK013	3	Nordsjælland		2021
DK	Danmark	DK014	3	Bornholm		2021
DK	Danmark	DK02	2	Sjælland		2021
DK	Danmark	DK021	3	Østsjælland		2021
DK	Danmark	DK022	3	Vest- og Sydsjælland		2021
DK	Danmark	DK03	2	Syddanmark		2021
DK	Danmark	DK031	3	Fyn		2021
DK	Danmark	DK032	3	Sydjylland		2021
DK	Danmark	DK04	2	Midtjylland		2021
DK	Danmark	DK041	3	Vestjylland		2021
DK	Danmark	DK042	3	Østjylland		2021
DK	Danmark	DK05	2	Nordjylland		2021
DK	Danmark	DK050	3	Nordjylland		2021
DK	Danmark	DKZ	1	Extra-Regio NUTS 1		2021
DK	Danmark	DKZZ	2	Extra-Regio NUTS 2		2021
DK	Danmark	DKZZZ	3	Extra-Regio NUTS 3		2021
EE	Eesti	EE	0	Eesti	Estonia	2021
EE	Eesti	EE0	1	Eesti		2021
EE	Eesti	EE00	2	Eesti		2021
EE	Eesti	EE001	3	Põhja-Eesti		2021
EE	Eesti	EE004	3	Lääne-Eesti		2021
EE	Eesti	EE008	3	Lõuna-Eesti		2021
EE	Eesti	EE009	3	Kesk-Eesti		2021
EE	Eesti	EE00A	3	Kirde-Eesti		2021
EE	Eesti	EEZ	1	Extra-Regio NUTS 1		2021
EE	Eesti	EEZZ	2	Extra-Regio NUTS 2		2021
EE	Eesti	EEZZZ	3	Extra-Regio NUTS 3		2021
GR	Ελλάδα 	EL	0	Ελλάδα 	Elláda/Greece	2021
GR	Ελλάδα 	EL3	1	Αττική 	Attiki	2021
GR	Ελλάδα 	EL30	2	Aττική	Attiki	2021
GR	Ελλάδα 	EL301	3	Βόρειος Τομέας Αθηνών	Voreios Tomeas Athinon	2021
GR	Ελλάδα 	EL302	3	Δυτικός Τομέας Αθηνών	Dytikos Tomeas Athinon	2021
GR	Ελλάδα 	EL303	3	Κεντρικός Τομέας Αθηνών	Kentrikos Tomeas Athinon	2021
GR	Ελλάδα 	EL304	3	Νότιος Τομέας Αθηνών	Notios Tomeas Athinon	2021
GR	Ελλάδα 	EL305	3	Ανατολική Αττική	Anatoliki Attiki	2021
GR	Ελλάδα 	EL306	3	Δυτική Αττική	Dytiki Attiki	2021
GR	Ελλάδα 	EL307	3	Πειραιάς, Νήσοι	Peiraias, Nisoi	2021
GR	Ελλάδα 	EL4	1	Νησιά Αιγαίου, Κρήτη	Nisia Aigaiou, Kriti	2021
GR	Ελλάδα 	EL41	2	Βόρειο Αιγαίο	Voreio Aigaio	2021
GR	Ελλάδα 	EL411	3	Λέσβος, Λήμνος	Lesvos, Limnos	2021
GR	Ελλάδα 	EL412	3	Ικαρία, Σάμος	Ikaria, Samos	2021
GR	Ελλάδα 	EL413	3	Χίος	Chios	2021
GR	Ελλάδα 	EL42	2	Νότιο Αιγαίο	Notio Aigaio	2021
GR	Ελλάδα 	EL421	3	Κάλυμνος, Κάρπαθος – Ηρωική Νήσος Κάσος, Κως, Ρόδος	Kalymnos, Karpathos, Kasos, Kos, Rodos	2021
GR	Ελλάδα 	EL422	3	Άνδρος, Θήρα, Κέα, Μήλος, Μύκονος, Νάξος, Πάρος, Σύρος, Τήνος	Andros, Thira, Kea, Milos, Mykonos, Naxos, Paros,  Syros, Tinos	2021
GR	Ελλάδα 	EL43	2	Κρήτη	Kriti	2021
GR	Ελλάδα 	EL431	3	Ηράκλειο	Irakleio	2021
GR	Ελλάδα 	EL432	3	Λασίθι	Lasithi	2021
GR	Ελλάδα 	EL433	3	Ρέθυμνο	Rethymni	2021
GR	Ελλάδα 	EL434	3	Χανιά	Chania	2021
GR	Ελλάδα 	EL5	1	Βόρεια Ελλάδα	Voreia Elláda	2021
GR	Ελλάδα 	EL51	2	Aνατολική Μακεδονία, Θράκη	Anatoliki Makedonia, Thraki	2021
GR	Ελλάδα 	EL511	3	Έβρος	Evros	2021
GR	Ελλάδα 	EL512	3	Ξάνθη	Xanthi	2021
GR	Ελλάδα 	EL513	3	Ροδόπη	Rodopi	2021
GR	Ελλάδα 	EL514	3	Δράμα	Drama	2021
GR	Ελλάδα 	EL515	3	Θάσος, Καβάλα	Thasos, Kavala	2021
GR	Ελλάδα 	EL52	2	Κεντρική Μακεδονία	Kentriki Makedonia	2021
GR	Ελλάδα 	EL521	3	Ημαθία	Imathia	2021
GR	Ελλάδα 	EL522	3	Θεσσαλονίκη	Thessaloniki	2021
GR	Ελλάδα 	EL523	3	Κιλκίς	Kilkis	2021
GR	Ελλάδα 	EL524	3	Πέλλα	Pella	2021
GR	Ελλάδα 	EL525	3	Πιερία	Pieria	2021
GR	Ελλάδα 	EL526	3	Σέρρες	Serres	2021
GR	Ελλάδα 	EL527	3	Χαλκιδική	Chalkidiki	2021
GR	Ελλάδα 	EL53	2	Δυτική Μακεδονία	Dytiki Makedonia	2021
GR	Ελλάδα 	EL531	3	Γρεβενά, Κοζάνη	Grevena, Kozani	2021
GR	Ελλάδα 	EL532	3	Καστοριά	Kastoria	2021
GR	Ελλάδα 	EL533	3	Φλώρινα	Florina	2021
GR	Ελλάδα 	EL54	2	Ήπειρος	Ipeiros	2021
GR	Ελλάδα 	EL541	3	Άρτα, Πρέβεζα	Arta, Preveza	2021
GR	Ελλάδα 	EL542	3	Θεσπρωτία	Thesprotia	2021
GR	Ελλάδα 	EL543	3	Ιωάννινα	Ioannina	2021
GR	Ελλάδα 	EL6	1	Κεντρική Ελλάδα	Kentriki Elláda	2021
GR	Ελλάδα 	EL61	2	Θεσσαλία	Thessalia	2021
GR	Ελλάδα 	EL611	3	Καρδίτσα, Τρίκαλα	Karditsa, Trikala	2021
GR	Ελλάδα 	EL612	3	Λάρισα	Larisa	2021
GR	Ελλάδα 	EL613	3	Μαγνησία, Σποράδες	Magnisia, Sporades	2021
GR	Ελλάδα 	EL62	2	Ιόνια Νησιά	Ionia Nisia	2021
GR	Ελλάδα 	EL621	3	Ζάκυνθος	Zakynthos	2021
GR	Ελλάδα 	EL622	3	Κέρκυρα	Kerkyra	2021
GR	Ελλάδα 	EL623	3	Ιθάκη, Κεφαλληνία	Ithaki, Kefallinia	2021
GR	Ελλάδα 	EL624	3	Λευκάδα	Lefkada	2021
GR	Ελλάδα 	EL63	2	Δυτική Ελλάδα	Dytiki Elláda	2021
GR	Ελλάδα 	EL631	3	Αιτωλοακαρνανία	Aitoloakarnania	2021
GR	Ελλάδα 	EL632	3	Αχαΐα	Achaia	2021
GR	Ελλάδα 	EL633	3	Ηλεία	Ileia	2021
GR	Ελλάδα 	EL64	2	Στερεά Ελλάδα	Sterea Elláda	2021
GR	Ελλάδα 	EL641	3	Βοιωτία	Voiotia	2021
GR	Ελλάδα 	EL642	3	Εύβοια	Evvoia	2021
GR	Ελλάδα 	EL643	3	Ευρυτανία	Evrytania	2021
GR	Ελλάδα 	EL644	3	Φθιώτιδα	Fthiotida	2021
GR	Ελλάδα 	EL645	3	Φωκίδα	Fokida	2021
GR	Ελλάδα 	EL65	2	Πελοπόννησος	Peloponnisos	2021
GR	Ελλάδα 	EL651	3	Αργολίδα, Αρκαδία	Argolida, Arkadia	2021
GR	Ελλάδα 	EL652	3	Κορινθία	Korinthia	2021
GR	Ελλάδα 	EL653	3	Λακωνία, Μεσσηνία	Lakonia, Messinia	2021
GR	Ελλάδα 	ELZ	1	Extra-Regio NUTS 1	Extra-Regio NUTS 1	2021
GR	Ελλάδα 	ELZZ	2	Extra-Regio NUTS 2	Extra-Regio NUTS 2	2021
GR	Ελλάδα 	ELZZZ	3	Extra-Regio NUTS 3	Extra-Regio NUTS 3	2021
ES	España	ES	0	España		2021
ES	España	ES1	1	Noroeste		2021
ES	España	ES11	2	Galicia		2021
ES	España	ES111	3	A Coruña		2021
ES	España	ES112	3	Lugo		2021
ES	España	ES113	3	Ourense		2021
ES	España	ES114	3	Pontevedra		2021
ES	España	ES12	2	Principado de Asturias		2021
ES	España	ES120	3	Asturias		2021
ES	España	ES13	2	Cantabria		2021
ES	España	ES130	3	Cantabria		2021
ES	España	ES2	1	Noreste		2021
ES	España	ES21	2	País Vasco		2021
ES	España	ES211	3	Araba/Álava		2021
ES	España	ES212	3	Gipuzkoa		2021
ES	España	ES213	3	Bizkaia		2021
ES	España	ES22	2	Comunidad Foral de Navarra		2021
ES	España	ES220	3	Navarra		2021
ES	España	ES23	2	La Rioja		2021
ES	España	ES230	3	La Rioja		2021
ES	España	ES24	2	Aragón		2021
ES	España	ES241	3	Huesca		2021
ES	España	ES242	3	Teruel		2021
ES	España	ES243	3	Zaragoza		2021
ES	España	ES3	1	Comunidad de Madrid		2021
ES	España	ES30	2	Comunidad de Madrid		2021
ES	España	ES300	3	Madrid		2021
ES	España	ES4	1	Centro (ES)		2021
ES	España	ES41	2	Castilla y León		2021
ES	España	ES411	3	Ávila		2021
ES	España	ES412	3	Burgos		2021
ES	España	ES413	3	León		2021
ES	España	ES414	3	Palencia		2021
ES	España	ES415	3	Salamanca		2021
ES	España	ES416	3	Segovia		2021
ES	España	ES417	3	Soria		2021
ES	España	ES418	3	Valladolid		2021
ES	España	ES419	3	Zamora		2021
ES	España	ES42	2	Castilla-La Mancha		2021
ES	España	ES421	3	Albacete		2021
ES	España	ES422	3	Ciudad Real		2021
ES	España	ES423	3	Cuenca		2021
ES	España	ES424	3	Guadalajara		2021
ES	España	ES425	3	Toledo		2021
ES	España	ES43	2	Extremadura		2021
ES	España	ES431	3	Badajoz		2021
ES	España	ES432	3	Cáceres		2021
ES	España	ES5	1	Este		2021
ES	España	ES51	2	Cataluña		2021
ES	España	ES511	3	Barcelona		2021
ES	España	ES512	3	Girona		2021
ES	España	ES513	3	Lleida		2021
ES	España	ES514	3	Tarragona		2021
ES	España	ES52	2	Comunitat Valenciana 		2021
ES	España	ES521	3	Alicante/Alacant		2021
ES	España	ES522	3	Castellón/Castelló		2021
ES	España	ES523	3	Valencia/València		2021
ES	España	ES53	2	Illes Balears		2021
ES	España	ES531	3	Eivissa y Formentera		2021
ES	España	ES532	3	Mallorca		2021
ES	España	ES533	3	Menorca		2021
ES	España	ES6	1	Sur		2021
ES	España	ES61	2	Andalucía		2021
ES	España	ES611	3	Almería		2021
ES	España	ES612	3	Cádiz		2021
ES	España	ES613	3	Córdoba		2021
ES	España	ES614	3	Granada		2021
ES	España	ES615	3	Huelva		2021
ES	España	ES616	3	Jaén		2021
ES	España	ES617	3	Málaga		2021
ES	España	ES618	3	Sevilla		2021
ES	España	ES62	2	Región de Murcia		2021
ES	España	ES620	3	Murcia		2021
ES	España	ES63	2	Ciudad de Ceuta		2021
ES	España	ES630	3	Ceuta		2021
ES	España	ES64	2	Ciudad de Melilla		2021
ES	España	ES640	3	Melilla		2021
ES	España	ES7	1	Canarias		2021
ES	España	ES70	2	Canarias		2021
ES	España	ES703	3	El Hierro		2021
ES	España	ES704	3	Fuerteventura		2021
ES	España	ES705	3	Gran Canaria		2021
ES	España	ES706	3	La Gomera		2021
ES	España	ES707	3	La Palma		2021
ES	España	ES708	3	Lanzarote		2021
ES	España	ES709	3	Tenerife		2021
ES	España	ESZ	1	Extra-Regio NUTS 1		2021
ES	España	ESZZ	2	Extra-Regio NUTS 2		2021
ES	España	ESZZZ	3	Extra-Regio NUTS 3		2021
FI	Suomi/Finland	FI	0	Suomi/Finland	Finland	2021
FI	Suomi/Finland	FI1	1	Manner-Suomi		2021
FI	Suomi/Finland	FI19	2	Länsi-Suomi		2021
FI	Suomi/Finland	FI193	3	Keski-Suomi		2021
FI	Suomi/Finland	FI194	3	Etelä-Pohjanmaa		2021
FI	Suomi/Finland	FI195	3	Pohjanmaa		2021
FI	Suomi/Finland	FI196	3	Satakunta		2021
FI	Suomi/Finland	FI197	3	Pirkanmaa		2021
FI	Suomi/Finland	FI1B	2	Helsinki-Uusimaa		2021
FI	Suomi/Finland	FI1B1	3	Helsinki-Uusimaa		2021
FI	Suomi/Finland	FI1C	2	Etelä-Suomi		2021
FI	Suomi/Finland	FI1C1	3	Varsinais-Suomi		2021
FI	Suomi/Finland	FI1C2	3	Kanta-Häme		2021
FI	Suomi/Finland	FI1C3	3	Päijät-Häme		2021
FI	Suomi/Finland	FI1C4	3	Kymenlaakso		2021
FI	Suomi/Finland	FI1C5	3	Etelä-Karjala		2021
FI	Suomi/Finland	FI1D	2	Pohjois- ja Itä-Suomi		2021
FI	Suomi/Finland	FI1D1	3	Etelä-Savo		2021
FI	Suomi/Finland	FI1D2	3	Pohjois-Savo		2021
FI	Suomi/Finland	FI1D3	3	Pohjois-Karjala		2021
FI	Suomi/Finland	FI1D5	3	Keski-Pohjanmaa		2021
FI	Suomi/Finland	FI1D7	3	Lappi		2021
FI	Suomi/Finland	FI1D8	3	Kainuu		2021
FI	Suomi/Finland	FI1D9	3	Pohjois-Pohjanmaa		2021
FI	Suomi/Finland	FI2	1	Åland		2021
FI	Suomi/Finland	FI20	2	Åland		2021
FI	Suomi/Finland	FI200	3	Åland		2021
FI	Suomi/Finland	FIZ	1	Extra-Regio NUTS 1		2021
FI	Suomi/Finland	FIZZ	2	Extra-Regio NUTS 2		2021
FI	Suomi/Finland	FIZZZ	3	Extra-Regio NUTS 3		2021
FR	France	FR	0	France		2021
FR	France	FR1	1	Ile-de-France		2021
FR	France	FR10	2	Ile-de-France		2021
FR	France	FR101	3	Paris		2021
FR	France	FR102	3	Seine-et-Marne 		2021
FR	France	FR103	3	Yvelines 		2021
FR	France	FR104	3	Essonne		2021
FR	France	FR105	3	Hauts-de-Seine 		2021
FR	France	FR106	3	Seine-Saint-Denis 		2021
FR	France	FR107	3	Val-de-Marne		2021
FR	France	FR108	3	Val-d’Oise		2021
FR	France	FRB	1	Centre — Val de Loire		2021
FR	France	FRB0	2	Centre — Val de Loire		2021
FR	France	FRB01	3	Cher		2021
FR	France	FRB02	3	Eure-et-Loir		2021
FR	France	FRB03	3	Indre		2021
FR	France	FRB04	3	Indre-et-Loire		2021
FR	France	FRB05	3	Loir-et-Cher		2021
FR	France	FRB06	3	Loiret		2021
FR	France	FRC	1	Bourgogne-Franche-Comté		2021
FR	France	FRC1	2	Bourgogne		2021
FR	France	FRC11	3	Côte-d’Or		2021
FR	France	FRC12	3	Nièvre		2021
FR	France	FRC13	3	Saône-et-Loire		2021
FR	France	FRC14	3	Yonne		2021
FR	France	FRC2	2	Franche-Comté		2021
FR	France	FRC21	3	Doubs		2021
FR	France	FRC22	3	Jura		2021
FR	France	FRC23	3	Haute-Saône		2021
FR	France	FRC24	3	Territoire de Belfort		2021
FR	France	FRD	1	Normandie		2021
FR	France	FRD1	2	Basse-Normandie 		2021
FR	France	FRD11	3	Calvados 		2021
FR	France	FRD12	3	Manche 		2021
FR	France	FRD13	3	Orne		2021
FR	France	FRD2	2	Haute-Normandie 		2021
FR	France	FRD21	3	Eure		2021
FR	France	FRD22	3	Seine-Maritime		2021
FR	France	FRE	1	Hauts-de-France		2021
FR	France	FRE1	2	Nord-Pas de Calais		2021
FR	France	FRE11	3	Nord		2021
FR	France	FRE12	3	Pas-de-Calais		2021
FR	France	FRE2	2	Picardie		2021
FR	France	FRE21	3	Aisne		2021
FR	France	FRE22	3	Oise		2021
FR	France	FRE23	3	Somme		2021
FR	France	FRF	1	Grand Est		2021
FR	France	FRF1	2	Alsace		2021
FR	France	FRF11	3	Bas-Rhin		2021
FR	France	FRF12	3	Haut-Rhin		2021
FR	France	FRF2	2	Champagne-Ardenne		2021
FR	France	FRF21	3	Ardennes		2021
FR	France	FRF22	3	Aube		2021
FR	France	FRF23	3	Marne		2021
FR	France	FRF24	3	Haute-Marne		2021
FR	France	FRF3	2	Lorraine		2021
FR	France	FRF31	3	Meurthe-et-Moselle 		2021
FR	France	FRF32	3	Meuse 		2021
FR	France	FRF33	3	Moselle		2021
FR	France	FRF34	3	Vosges		2021
FR	France	FRG	1	Pays de la Loire		2021
FR	France	FRG0	2	Pays de la Loire		2021
FR	France	FRG01	3	Loire-Atlantique		2021
FR	France	FRG02	3	Maine-et-Loire		2021
FR	France	FRG03	3	Mayenne		2021
FR	France	FRG04	3	Sarthe		2021
FR	France	FRG05	3	Vendée		2021
FR	France	FRH	1	Bretagne		2021
FR	France	FRH0	2	Bretagne		2021
FR	France	FRH01	3	Côtes-d’Armor		2021
FR	France	FRH02	3	Finistère		2021
FR	France	FRH03	3	Ille-et-Vilaine		2021
FR	France	FRH04	3	Morbihan		2021
FR	France	FRI	1	Nouvelle-Aquitaine		2021
FR	France	FRI1	2	Aquitaine		2021
FR	France	FRI11	3	Dordogne		2021
FR	France	FRI12	3	Gironde		2021
FR	France	FRI13	3	Landes		2021
FR	France	FRI14	3	Lot-et-Garonne		2021
FR	France	FRI15	3	Pyrénées-Atlantiques		2021
FR	France	FRI2	2	Limousin		2021
FR	France	FRI21	3	Corrèze		2021
FR	France	FRI22	3	Creuse		2021
FR	France	FRI23	3	Haute-Vienne		2021
FR	France	FRI3	2	Poitou-Charentes		2021
FR	France	FRI31	3	Charente		2021
FR	France	FRI32	3	Charente-Maritime		2021
FR	France	FRI33	3	Deux-Sèvres		2021
FR	France	FRI34	3	Vienne		2021
FR	France	FRJ	1	Occitanie		2021
FR	France	FRJ1	2	Languedoc-Roussillon		2021
FR	France	FRJ11	3	Aude		2021
FR	France	FRJ12	3	Gard		2021
FR	France	FRJ13	3	Hérault		2021
FR	France	FRJ14	3	Lozère		2021
FR	France	FRJ15	3	Pyrénées-Orientales		2021
FR	France	FRJ2	2	Midi-Pyrénées		2021
FR	France	FRJ21	3	Ariège		2021
FR	France	FRJ22	3	Aveyron		2021
FR	France	FRJ23	3	Haute-Garonne		2021
FR	France	FRJ24	3	Gers		2021
FR	France	FRJ25	3	Lot		2021
FR	France	FRJ26	3	Hautes-Pyrénées 		2021
FR	France	FRJ27	3	Tarn		2021
FR	France	FRJ28	3	Tarn-et-Garonne		2021
FR	France	FRK	1	Auvergne-Rhône-Alpes		2021
FR	France	FRK1	2	Auvergne		2021
FR	France	FRK11	3	Allier		2021
FR	France	FRK12	3	Cantal		2021
FR	France	FRK13	3	Haute-Loire		2021
FR	France	FRK14	3	Puy-de-Dôme		2021
FR	France	FRK2	2	Rhône-Alpes		2021
FR	France	FRK21	3	Ain		2021
FR	France	FRK22	3	Ardèche		2021
FR	France	FRK23	3	Drôme		2021
FR	France	FRK24	3	Isère		2021
FR	France	FRK25	3	Loire		2021
FR	France	FRK26	3	Rhône		2021
FR	France	FRK27	3	Savoie		2021
FR	France	FRK28	3	Haute-Savoie		2021
FR	France	FRL	1	Provence-Alpes-Côte d’Azur		2021
FR	France	FRL0	2	Provence-Alpes-Côte d’Azur		2021
FR	France	FRL01	3	Alpes-de-Haute-Provence		2021
FR	France	FRL02	3	Hautes-Alpes 		2021
FR	France	FRL03	3	Alpes-Maritimes		2021
FR	France	FRL04	3	Bouches-du-Rhône		2021
FR	France	FRL05	3	Var		2021
FR	France	FRL06	3	Vaucluse		2021
FR	France	FRM	1	Corse		2021
FR	France	FRM0	2	Corse		2021
FR	France	FRM01	3	Corse-du-Sud		2021
FR	France	FRM02	3	Haute-Corse		2021
FR	France	FRY	1	RUP FR — Régions Ultrapériphériques Françaises		2021
FR	France	FRY1	2	Guadeloupe		2021
FR	France	FRY10	3	Guadeloupe		2021
FR	France	FRY2	2	Martinique 		2021
FR	France	FRY20	3	Martinique 		2021
FR	France	FRY3	2	Guyane		2021
FR	France	FRY30	3	Guyane		2021
FR	France	FRY4	2	La Réunion 		2021
FR	France	FRY40	3	La Réunion		2021
FR	France	FRY5	2	Mayotte		2021
FR	France	FRY50	3	Mayotte 		2021
FR	France	FRZ	1	Extra-Regio NUTS 1		2021
FR	France	FRZZ	2	Extra-Regio NUTS 2		2021
FR	France	FRZZZ	3	Extra-Regio NUTS 3		2021
HR	Hrvatska	HR	0	Hrvatska	Croatia	2021
HR	Hrvatska	HR0	1	Hrvatska		2021
HR	Hrvatska	HR02	2	Panonska Hrvatska		2021
HR	Hrvatska	HR021	3	Bjelovarsko-bilogorska županija		2021
HR	Hrvatska	HR022	3	Virovitičko-podravska županija		2021
HR	Hrvatska	HR023	3	Požeško-slavonska županija		2021
HR	Hrvatska	HR024	3	Brodsko-posavska županija		2021
HR	Hrvatska	HR025	3	Osječko-baranjska županija		2021
HR	Hrvatska	HR026	3	Vukovarsko-srijemska županija		2021
HR	Hrvatska	HR027	3	Karlovačka županija		2021
HR	Hrvatska	HR028	3	Sisačko-moslavačka županija		2021
HR	Hrvatska	HR03	2	Jadranska Hrvatska		2021
HR	Hrvatska	HR031	3	Primorsko-goranska županija		2021
HR	Hrvatska	HR032	3	Ličko-senjska županija		2021
HR	Hrvatska	HR033	3	Zadarska županija		2021
HR	Hrvatska	HR034	3	Šibensko-kninska županija		2021
HR	Hrvatska	HR035	3	Splitsko-dalmatinska županija		2021
HR	Hrvatska	HR036	3	Istarska županija		2021
HR	Hrvatska	HR037	3	Dubrovačko-neretvanska županija		2021
HR	Hrvatska	HR05	2	Grad Zagreb		2021
HR	Hrvatska	HR050	3	Grad Zagreb		2021
HR	Hrvatska	HR06	2	Sjeverna Hrvatska		2021
HR	Hrvatska	HR061	3	Međimurska županija		2021
HR	Hrvatska	HR062	3	Varaždinska županija		2021
HR	Hrvatska	HR063	3	Koprivničko-križevačka županija		2021
HR	Hrvatska	HR064	3	Krapinsko-zagorska županija		2021
HR	Hrvatska	HR065	3	Zagrebačka županija		2021
HR	Hrvatska	HRZ	1	Extra-Regio NUTS 1		2021
HR	Hrvatska	HRZZ	2	Extra-Regio NUTS 2		2021
HR	Hrvatska	HRZZZ	3	Extra-Regio NUTS 3		2021
HU	Magyarország	HU	0	Magyarország	Hungary	2021
HU	Magyarország	HU1	1	Közép-Magyarország		2021
HU	Magyarország	HU11	2	Budapest		2021
HU	Magyarország	HU110	3	Budapest		2021
HU	Magyarország	HU12	2	Pest		2021
HU	Magyarország	HU120	3	Pest		2021
HU	Magyarország	HU2	1	Dunántúl		2021
HU	Magyarország	HU21	2	Közép-Dunántúl		2021
HU	Magyarország	HU211	3	Fejér		2021
HU	Magyarország	HU212	3	Komárom-Esztergom		2021
HU	Magyarország	HU213	3	Veszprém		2021
HU	Magyarország	HU22	2	Nyugat-Dunántúl		2021
HU	Magyarország	HU221	3	Győr-Moson-Sopron		2021
HU	Magyarország	HU222	3	Vas		2021
HU	Magyarország	HU223	3	Zala		2021
HU	Magyarország	HU23	2	Dél-Dunántúl		2021
HU	Magyarország	HU231	3	Baranya		2021
HU	Magyarország	HU232	3	Somogy		2021
HU	Magyarország	HU233	3	Tolna		2021
HU	Magyarország	HU3	1	Alföld és Észak		2021
HU	Magyarország	HU31	2	Észak-Magyarország		2021
HU	Magyarország	HU311	3	Borsod-Abaúj-Zemplén		2021
HU	Magyarország	HU312	3	Heves		2021
HU	Magyarország	HU313	3	Nógrád		2021
HU	Magyarország	HU32	2	Észak-Alföld		2021
HU	Magyarország	HU321	3	Hajdú-Bihar		2021
HU	Magyarország	HU322	3	Jász-Nagykun-Szolnok		2021
HU	Magyarország	HU323	3	Szabolcs-Szatmár-Bereg		2021
HU	Magyarország	HU33	2	Dél-Alföld		2021
HU	Magyarország	HU331	3	Bács-Kiskun		2021
HU	Magyarország	HU332	3	Békés		2021
HU	Magyarország	HU333	3	Csongrád		2021
HU	Magyarország	HUZ	1	Extra-Regio NUTS 1		2021
HU	Magyarország	HUZZ	2	Extra-Regio NUTS 2		2021
HU	Magyarország	HUZZZ	3	Extra-Regio NUTS 3		2021
IE	Éire/Ireland	IE	0	Éire/Ireland	Ireland	2021
IE	Éire/Ireland	IE0	1	Ireland		2021
IE	Éire/Ireland	IE04	2	Northern and Western		2021
IE	Éire/Ireland	IE041	3	Border		2021
IE	Éire/Ireland	IE042	3	West		2021
IE	Éire/Ireland	IE05	2	Southern		2021
IE	Éire/Ireland	IE051	3	Mid-West 		2021
IE	Éire/Ireland	IE052	3	South-East 		2021
IE	Éire/Ireland	IE053	3	South-West 		2021
IE	Éire/Ireland	IE06	2	Eastern and Midland		2021
IE	Éire/Ireland	IE061	3	Dublin		2021
IE	Éire/Ireland	IE062	3	Mid-East		2021
IE	Éire/Ireland	IE063	3	Midland		2021
IE	Éire/Ireland	IEZ	1	Extra-Regio NUTS 1		2021
IE	Éire/Ireland	IEZZ	2	Extra-Regio NUTS 2		2021
IE	Éire/Ireland	IEZZZ	3	Extra-Regio NUTS 3		2021
IS	Ísland	IS	0	Ísland	Iceland	2021
IS	Ísland	IS0	1	Ísland		2021
IS	Ísland	IS00	2	Ísland		2021
IS	Ísland	IS001	3	Höfuðborgarsvæði		2021
IS	Ísland	IS002	3	Landsbyggð		2021
IS	Ísland	ISZ	1	Extra-Regio NUTS 1		2021
IS	Ísland	ISZZ	2	Extra-Regio NUTS 2		2021
IS	Ísland	ISZZZ	3	Extra-Regio NUTS 3		2021
IT	Italia	IT	0	Italia		2021
IT	Italia	ITC	1	Nord-Ovest		2021
IT	Italia	ITC1	2	Piemonte		2021
IT	Italia	ITC11	3	Torino		2021
IT	Italia	ITC12	3	Vercelli		2021
IT	Italia	ITC13	3	Biella		2021
IT	Italia	ITC14	3	Verbano-Cusio-Ossola		2021
IT	Italia	ITC15	3	Novara		2021
IT	Italia	ITC16	3	Cuneo		2021
IT	Italia	ITC17	3	Asti		2021
IT	Italia	ITC18	3	Alessandria		2021
IT	Italia	ITC2	2	Valle d’Aosta/Vallée d’Aoste		2021
IT	Italia	ITC20	3	Valle d’Aosta/Vallée d’Aoste		2021
IT	Italia	ITC3	2	Liguria		2021
IT	Italia	ITC31	3	Imperia		2021
IT	Italia	ITC32	3	Savona		2021
IT	Italia	ITC33	3	Genova		2021
IT	Italia	ITC34	3	La Spezia		2021
IT	Italia	ITC4	2	Lombardia		2021
IT	Italia	ITC41	3	Varese		2021
IT	Italia	ITC42	3	Como		2021
IT	Italia	ITC43	3	Lecco		2021
IT	Italia	ITC44	3	Sondrio		2021
IT	Italia	ITC46	3	Bergamo		2021
IT	Italia	ITC47	3	Brescia		2021
IT	Italia	ITC48	3	Pavia		2021
IT	Italia	ITC49	3	Lodi		2021
IT	Italia	ITC4A	3	Cremona		2021
IT	Italia	ITC4B	3	Mantova		2021
IT	Italia	ITC4C	3	Milano		2021
IT	Italia	ITC4D	3	Monza e della Brianza		2021
IT	Italia	ITF	1	Sud		2021
IT	Italia	ITF1	2	Abruzzo		2021
IT	Italia	ITF11	3	L’Aquila		2021
IT	Italia	ITF12	3	Teramo		2021
IT	Italia	ITF13	3	Pescara		2021
IT	Italia	ITF14	3	Chieti		2021
IT	Italia	ITF2	2	Molise		2021
IT	Italia	ITF21	3	Isernia		2021
IT	Italia	ITF22	3	Campobasso		2021
IT	Italia	ITF3	2	Campania		2021
IT	Italia	ITF31	3	Caserta		2021
IT	Italia	ITF32	3	Benevento		2021
IT	Italia	ITF33	3	Napoli		2021
IT	Italia	ITF34	3	Avellino		2021
IT	Italia	ITF35	3	Salerno		2021
IT	Italia	ITF4	2	Puglia		2021
IT	Italia	ITF43	3	Taranto		2021
IT	Italia	ITF44	3	Brindisi		2021
IT	Italia	ITF45	3	Lecce		2021
IT	Italia	ITF46	3	Foggia		2021
IT	Italia	ITF47	3	Bari		2021
IT	Italia	ITF48	3	Barletta-Andria-Trani		2021
IT	Italia	ITF5	2	Basilicata		2021
IT	Italia	ITF51	3	Potenza		2021
IT	Italia	ITF52	3	Matera		2021
IT	Italia	ITF6	2	Calabria		2021
IT	Italia	ITF61	3	Cosenza		2021
IT	Italia	ITF62	3	Crotone		2021
IT	Italia	ITF63	3	Catanzaro		2021
IT	Italia	ITF64	3	Vibo Valentia		2021
IT	Italia	ITF65	3	Reggio di Calabria		2021
IT	Italia	ITG	1	Isole		2021
IT	Italia	ITG1	2	Sicilia		2021
IT	Italia	ITG11	3	Trapani		2021
IT	Italia	ITG12	3	Palermo		2021
IT	Italia	ITG13	3	Messina		2021
IT	Italia	ITG14	3	Agrigento		2021
IT	Italia	ITG15	3	Caltanissetta		2021
IT	Italia	ITG16	3	Enna		2021
IT	Italia	ITG17	3	Catania		2021
IT	Italia	ITG18	3	Ragusa		2021
IT	Italia	ITG19	3	Siracusa		2021
IT	Italia	ITG2	2	Sardegna		2021
IT	Italia	ITG2D	3	Sassari		2021
IT	Italia	ITG2E	3	Nuoro		2021
IT	Italia	ITG2F	3	Cagliari		2021
IT	Italia	ITG2G	3	Oristano		2021
IT	Italia	ITG2H	3	Sud Sardegna		2021
IT	Italia	ITH	1	Nord-Est		2021
IT	Italia	ITH1	2	Provincia Autonoma di Bolzano/Bozen		2021
IT	Italia	ITH10	3	Bolzano-Bozen		2021
IT	Italia	ITH2	2	Provincia Autonoma di Trento		2021
IT	Italia	ITH20	3	Trento		2021
IT	Italia	ITH3	2	Veneto		2021
IT	Italia	ITH31	3	Verona		2021
IT	Italia	ITH32	3	Vicenza		2021
IT	Italia	ITH33	3	Belluno		2021
IT	Italia	ITH34	3	Treviso		2021
IT	Italia	ITH35	3	Venezia		2021
IT	Italia	ITH36	3	Padova		2021
IT	Italia	ITH37	3	Rovigo		2021
IT	Italia	ITH4	2	Friuli-Venezia Giulia		2021
IT	Italia	ITH41	3	Pordenone		2021
IT	Italia	ITH42	3	Udine		2021
IT	Italia	ITH43	3	Gorizia		2021
IT	Italia	ITH44	3	Trieste		2021
IT	Italia	ITH5	2	Emilia-Romagna		2021
IT	Italia	ITH51	3	Piacenza		2021
IT	Italia	ITH52	3	Parma		2021
IT	Italia	ITH53	3	Reggio nell’Emilia		2021
IT	Italia	ITH54	3	Modena		2021
IT	Italia	ITH55	3	Bologna		2021
IT	Italia	ITH56	3	Ferrara		2021
IT	Italia	ITH57	3	Ravenna		2021
IT	Italia	ITH58	3	Forlì-Cesena		2021
IT	Italia	ITH59	3	Rimini		2021
IT	Italia	ITI	1	Centro (IT)		2021
IT	Italia	ITI1	2	Toscana		2021
IT	Italia	ITI11	3	Massa-Carrara		2021
IT	Italia	ITI12	3	Lucca		2021
IT	Italia	ITI13	3	Pistoia		2021
IT	Italia	ITI14	3	Firenze		2021
IT	Italia	ITI15	3	Prato		2021
IT	Italia	ITI16	3	Livorno		2021
IT	Italia	ITI17	3	Pisa		2021
IT	Italia	ITI18	3	Arezzo		2021
IT	Italia	ITI19	3	Siena		2021
IT	Italia	ITI1A	3	Grosseto		2021
IT	Italia	ITI2	2	Umbria		2021
IT	Italia	ITI21	3	Perugia		2021
IT	Italia	ITI22	3	Terni		2021
IT	Italia	ITI3	2	Marche		2021
IT	Italia	ITI31	3	Pesaro e Urbino		2021
IT	Italia	ITI32	3	Ancona		2021
IT	Italia	ITI33	3	Macerata		2021
IT	Italia	ITI34	3	Ascoli Piceno		2021
IT	Italia	ITI35	3	Fermo		2021
IT	Italia	ITI4	2	Lazio		2021
IT	Italia	ITI41	3	Viterbo		2021
IT	Italia	ITI42	3	Rieti		2021
IT	Italia	ITI43	3	Roma		2021
IT	Italia	ITI44	3	Latina		2021
IT	Italia	ITI45	3	Frosinone		2021
IT	Italia	ITZ	1	Extra-Regio NUTS 1		2021
IT	Italia	ITZZ	2	Extra-Regio NUTS 2		2021
IT	Italia	ITZZZ	3	Extra-Regio NUTS 3		2021
LI	Liechtenstein	LI	0	Liechtenstein		2021
LI	Liechtenstein	LI0	1	Liechtenstein		2021
LI	Liechtenstein	LI00	2	Liechtenstein		2021
LI	Liechtenstein	LI000	3	Liechtenstein		2021
LI	Liechtenstein	LIZ	1	Extra-Regio NUTS 1		2021
LI	Liechtenstein	LIZZ	2	Extra-Regio NUTS 2		2021
LI	Liechtenstein	LIZZZ	3	Extra-Regio NUTS 3		2021
LT	Lietuva	LT	0	Lietuva	Lithuania	2021
LT	Lietuva	LT0	1	Lietuva	Lithuania	2021
LT	Lietuva	LT01	2	Sostinės regionas		2021
LT	Lietuva	LT011	3	Vilniaus apskritis		2021
LT	Lietuva	LT02	2	Vidurio ir vakarų Lietuvos regionas 		2021
LT	Lietuva	LT021	3	Alytaus apskritis		2021
LT	Lietuva	LT022	3	Kauno apskritis		2021
LT	Lietuva	LT023	3	Klaipėdos apskritis		2021
LT	Lietuva	LT024	3	Marijampolės apskritis		2021
LT	Lietuva	LT025	3	Panevėžio apskritis		2021
LT	Lietuva	LT026	3	Šiaulių apskritis		2021
LT	Lietuva	LT027	3	Tauragės apskritis		2021
LT	Lietuva	LT028	3	Telšių apskritis		2021
LT	Lietuva	LT029	3	Utenos apskritis		2021
LT	Lietuva	LTZ	1	Extra-Regio NUTS 1		2021
LT	Lietuva	LTZZ	2	Extra-Regio NUTS 2		2021
LT	Lietuva	LTZZZ	3	Extra-Regio NUTS 3		2021
LU	Luxembourg	LU	0	Luxembourg		2021
LU	Luxembourg	LU0	1	Luxembourg		2021
LU	Luxembourg	LU00	2	Luxembourg		2021
LU	Luxembourg	LU000	3	Luxembourg		2021
LU	Luxembourg	LUZ	1	Extra-Regio NUTS 1		2021
LU	Luxembourg	LUZZ	2	Extra-Regio NUTS 2		2021
LU	Luxembourg	LUZZZ	3	Extra-Regio NUTS 3		2021
LV	Latvija	LV	0	Latvija	Latvia	2021
LV	Latvija	LV0	1	Latvija		2021
LV	Latvija	LV00	2	Latvija		2021
LV	Latvija	LV003	3	Kurzeme		2021
LV	Latvija	LV005	3	Latgale		2021
LV	Latvija	LV006	3	Rīga		2021
LV	Latvija	LV007	3	Pierīga		2021
LV	Latvija	LV008	3	Vidzeme		2021
LV	Latvija	LV009	3	Zemgale		2021
LV	Latvija	LVZ	1	Extra-Regio NUTS 1		2021
LV	Latvija	LVZZ	2	Extra-Regio NUTS 2		2021
LV	Latvija	LVZZZ	3	Extra-Regio NUTS 3		2021
ME	Црна Гора 	ME	0	Црна Гора 	Crna Gora/Monténégro	2021
ME	Црна Гора 	ME0	1	Црна Гора 	Crna Gora	2021
ME	Црна Гора 	ME00	2	Црна Гора	Crna Gora	2021
ME	Црна Гора 	ME000	3	Црна Гора	Crna Gora	2021
ME	Црна Гора 	MEZ	1	Extra-Regio NUTS 1	Extra-Regio NUTS 1	2021
ME	Црна Гора 	MEZZ	2	Extra-Regio NUTS 2	Extra-Regio NUTS 2	2021
ME	Црна Гора 	MEZZZ	3	Extra-Regio NUTS 3	Extra-Regio NUTS 3	2021
MK	Северна Македонија	MK	0	Северна Македонија	Severna Makedonija/Macedonia	2021
MK	Северна Македонија	MK0	1	Северна Македонија		2021
MK	Северна Македонија	MK00	2	Северна Македонија		2021
MK	Северна Македонија	MK001	3	Вардарски		2021
MK	Северна Македонија	MK002	3	Источен		2021
MK	Северна Македонија	MK003	3	Југозападен		2021
MK	Северна Македонија	MK004	3	Југоисточен		2021
MK	Северна Македонија	MK005	3	Пелагониски		2021
MK	Северна Македонија	MK006	3	Полошки		2021
MK	Северна Македонија	MK007	3	Североисточен		2021
MK	Северна Македонија	MK008	3	Скопски		2021
MK	Северна Македонија	MKZ	1	Extra-Regio NUTS 1		2021
MK	Северна Македонија	MKZZ	2	Extra-Regio NUTS 2		2021
MK	Северна Македонија	MKZZZ	3	Extra-Regio NUTS 3		2021
MT	Malta	MT	0	Malta		2021
MT	Malta	MT0	1	Malta		2021
MT	Malta	MT00	2	Malta		2021
MT	Malta	MT001	3	Malta		2021
MT	Malta	MT002	3	Gozo and Comino/Għawdex u Kemmuna		2021
MT	Malta	MTZ	1	Extra-Regio NUTS 1		2021
MT	Malta	MTZZ	2	Extra-Regio NUTS 2		2021
MT	Malta	MTZZZ	3	Extra-Regio NUTS 3		2021
NL	Nederland	NL	0	Nederland	Netherlands	2021
NL	Nederland	NL1	1	Noord-Nederland		2021
NL	Nederland	NL11	2	Groningen		2021
NL	Nederland	NL111	3	Oost-Groningen		2021
NL	Nederland	NL112	3	Delfzijl en omgeving		2021
NL	Nederland	NL113	3	Overig Groningen		2021
NL	Nederland	NL12	2	Friesland (NL)		2021
NL	Nederland	NL124	3	Noord-Friesland		2021
NL	Nederland	NL125	3	Zuidwest-Friesland		2021
NL	Nederland	NL126	3	Zuidoost-Friesland		2021
NL	Nederland	NL13	2	Drenthe		2021
NL	Nederland	NL131	3	Noord-Drenthe		2021
NL	Nederland	NL132	3	Zuidoost-Drenthe		2021
NL	Nederland	NL133	3	Zuidwest-Drenthe		2021
NL	Nederland	NL2	1	Oost-Nederland		2021
NL	Nederland	NL21	2	Overijssel		2021
NL	Nederland	NL211	3	Noord-Overijssel		2021
NL	Nederland	NL212	3	Zuidwest-Overijssel		2021
NL	Nederland	NL213	3	Twente		2021
NL	Nederland	NL22	2	Gelderland		2021
NL	Nederland	NL221	3	Veluwe		2021
NL	Nederland	NL224	3	Zuidwest-Gelderland		2021
NL	Nederland	NL225	3	Achterhoek		2021
NL	Nederland	NL226	3	Arnhem/Nijmegen		2021
NL	Nederland	NL23	2	Flevoland		2021
NL	Nederland	NL230	3	Flevoland		2021
NL	Nederland	NL3	1	West-Nederland		2021
NL	Nederland	NL31	2	Utrecht		2021
NL	Nederland	NL310	3	Utrecht		2021
NL	Nederland	NL32	2	Noord-Holland		2021
NL	Nederland	NL321	3	Kop van Noord-Holland		2021
NL	Nederland	NL323	3	IJmond		2021
NL	Nederland	NL324	3	Agglomeratie Haarlem		2021
NL	Nederland	NL325	3	Zaanstreek		2021
NL	Nederland	NL327	3	Het Gooi en Vechtstreek		2021
NL	Nederland	NL328	3	Alkmaar en omgeving		2021
NL	Nederland	NL329	3	Groot-Amsterdam		2021
NL	Nederland	NL33	2	Zuid-Holland		2021
NL	Nederland	NL332	3	Agglomeratie ’s-Gravenhage		2021
NL	Nederland	NL333	3	Delft en Westland		2021
NL	Nederland	NL337	3	Agglomeratie Leiden en Bollenstreek		2021
NL	Nederland	NL33A	3	Zuidoost-Zuid-Holland		2021
NL	Nederland	NL33B	3	Oost-Zuid-Holland		2021
NL	Nederland	NL33C	3	Groot-Rijnmond		2021
NL	Nederland	NL34	2	Zeeland		2021
NL	Nederland	NL341	3	Zeeuwsch-Vlaanderen		2021
NL	Nederland	NL342	3	Overig Zeeland		2021
NL	Nederland	NL4	1	Zuid-Nederland		2021
NL	Nederland	NL41	2	Noord-Brabant		2021
NL	Nederland	NL411	3	West-Noord-Brabant		2021
NL	Nederland	NL412	3	Midden-Noord-Brabant		2021
NL	Nederland	NL413	3	Noordoost-Noord-Brabant		2021
NL	Nederland	NL414	3	Zuidoost-Noord-Brabant		2021
NL	Nederland	NL42	2	Limburg (NL)		2021
NL	Nederland	NL421	3	Noord-Limburg		2021
NL	Nederland	NL422	3	Midden-Limburg		2021
NL	Nederland	NL423	3	Zuid-Limburg		2021
NL	Nederland	NLZ	1	Extra-Regio NUTS 1		2021
NL	Nederland	NLZZ	2	Extra-Regio NUTS 2		2021
NL	Nederland	NLZZZ	3	Extra-Regio NUTS 3		2021
NO	Norge	NO	0	Norge	Norway	2021
NO	Norge	NO0	1	Norge		2021
NO	Norge	NO02	2	Innlandet		2021
NO	Norge	NO020	3	Innlandet		2021
NO	Norge	NO06	2	Trøndelag		2021
NO	Norge	NO060	3	Trøndelag		2021
NO	Norge	NO07	2	Nord-Norge		2021
NO	Norge	NO071	3	Nordland		2021
NO	Norge	NO074	3	Troms og Finnmark		2021
NO	Norge	NO08	2	Oslo og Viken		2021
NO	Norge	NO081	3	Oslo		2021
NO	Norge	NO082	3	Viken		2021
NO	Norge	NO09	2	Agder og Sør-Østlandet		2021
NO	Norge	NO091	3	Vestfold og Telemark		2021
NO	Norge	NO092	3	Agder		2021
NO	Norge	NO0A	2	Vestlandet		2021
NO	Norge	NO0A1	3	Rogaland		2021
NO	Norge	NO0A2	3	Vestland		2021
NO	Norge	NO0A3	3	Møre og Romsdal		2021
NO	Norge	NO0B	2	Svalbard og Jan Mayen		2021
NO	Norge	NO0B1	3	Jan Mayen		2021
NO	Norge	NO0B2	3	Svalbard		2021
NO	Norge	NOZ	1	Extra-Regio NUTS 1		2021
NO	Norge	NOZZ	2	Extra-Regio NUTS 2		2021
NO	Norge	NOZZZ	3	Extra-Regio NUTS 3		2021
PL	Polska	PL	0	Polska	Poland	2021
PL	Polska	PL2	1	Makroregion południowy		2021
PL	Polska	PL21	2	Małopolskie		2021
PL	Polska	PL213	3	Miasto Kraków		2021
PL	Polska	PL214	3	Krakowski		2021
PL	Polska	PL217	3	Tarnowski		2021
PL	Polska	PL218	3	Nowosądecki		2021
PL	Polska	PL219	3	Nowotarski		2021
PL	Polska	PL21A	3	Oświęcimski		2021
PL	Polska	PL22	2	Śląskie		2021
PL	Polska	PL224	3	Częstochowski		2021
PL	Polska	PL225	3	Bielski		2021
PL	Polska	PL227	3	Rybnicki		2021
PL	Polska	PL228	3	Bytomski		2021
PL	Polska	PL229	3	Gliwicki		2021
PL	Polska	PL22A	3	Katowicki		2021
PL	Polska	PL22B	3	Sosnowiecki		2021
PL	Polska	PL22C	3	Tyski		2021
PL	Polska	PL4	1	Makroregion północno-zachodni		2021
PL	Polska	PL41	2	Wielkopolskie		2021
PL	Polska	PL411	3	Pilski		2021
PL	Polska	PL414	3	Koniński		2021
PL	Polska	PL415	3	Miasto Poznań		2021
PL	Polska	PL416	3	Kaliski		2021
PL	Polska	PL417	3	Leszczyński		2021
PL	Polska	PL418	3	Poznański		2021
PL	Polska	PL42	2	Zachodniopomorskie		2021
PL	Polska	PL424	3	Miasto Szczecin		2021
PL	Polska	PL426	3	Koszaliński		2021
PL	Polska	PL427	3	Szczecinecko-pyrzycki		2021
PL	Polska	PL428	3	Szczeciński		2021
PL	Polska	PL43	2	Lubuskie		2021
PL	Polska	PL431	3	Gorzowski		2021
PL	Polska	PL432	3	Zielonogórski		2021
PL	Polska	PL5	1	Makroregion południowo-zachodni		2021
PL	Polska	PL51	2	Dolnośląskie		2021
PL	Polska	PL514	3	Miasto Wrocław		2021
PL	Polska	PL515	3	Jeleniogórski		2021
PL	Polska	PL516	3	Legnicko-głogowski		2021
PL	Polska	PL517	3	Wałbrzyski		2021
PL	Polska	PL518	3	Wrocławski		2021
PL	Polska	PL52	2	Opolskie		2021
PL	Polska	PL523	3	Nyski		2021
PL	Polska	PL524	3	Opolski		2021
PL	Polska	PL6	1	Makroregion północny		2021
PL	Polska	PL61	2	Kujawsko-pomorskie		2021
PL	Polska	PL613	3	Bydgosko-toruński		2021
PL	Polska	PL616	3	Grudziądzki		2021
PL	Polska	PL617	3	Inowrocławski		2021
PL	Polska	PL618	3	Świecki		2021
PL	Polska	PL619	3	Włocławski		2021
PL	Polska	PL62	2	Warmińsko-mazurskie		2021
PL	Polska	PL621	3	Elbląski		2021
PL	Polska	PL622	3	Olsztyński		2021
PL	Polska	PL623	3	Ełcki		2021
PL	Polska	PL63	2	Pomorskie		2021
PL	Polska	PL633	3	Trójmiejski		2021
PL	Polska	PL634	3	Gdański		2021
PL	Polska	PL636	3	Słupski		2021
PL	Polska	PL637	3	Chojnicki		2021
PL	Polska	PL638	3	Starogardzki		2021
PL	Polska	PL7	1	Makroregion centralny		2021
PL	Polska	PL71	2	Łódzkie		2021
PL	Polska	PL711	3	Miasto Łódź		2021
PL	Polska	PL712	3	Łódzki		2021
PL	Polska	PL713	3	Piotrkowski		2021
PL	Polska	PL714	3	Sieradzki		2021
PL	Polska	PL715	3	Skierniewicki		2021
PL	Polska	PL72	2	Świętokrzyskie		2021
PL	Polska	PL721	3	Kielecki		2021
PL	Polska	PL722	3	Sandomiersko-jędrzejowski		2021
PL	Polska	PL8	1	Makroregion wschodni		2021
PL	Polska	PL81	2	Lubelskie		2021
PL	Polska	PL811	3	Bialski		2021
PL	Polska	PL812	3	Chełmsko-zamojski		2021
PL	Polska	PL814	3	Lubelski		2021
PL	Polska	PL815	3	Puławski		2021
PL	Polska	PL82	2	Podkarpackie		2021
PL	Polska	PL821	3	Krośnieński		2021
PL	Polska	PL822	3	Przemyski		2021
PL	Polska	PL823	3	Rzeszowski		2021
PL	Polska	PL824	3	Tarnobrzeski		2021
PL	Polska	PL84	2	Podlaskie		2021
PL	Polska	PL841	3	Białostocki		2021
PL	Polska	PL842	3	Łomżyński		2021
PL	Polska	PL843	3	Suwalski		2021
PL	Polska	PL9	1	Makroregion województwo mazowieckie		2021
PL	Polska	PL91	2	Warszawski stołeczny		2021
PL	Polska	PL911	3	Miasto Warszawa		2021
PL	Polska	PL912	3	Warszawski wschodni		2021
PL	Polska	PL913	3	Warszawski zachodni		2021
PL	Polska	PL92	2	Mazowiecki regionalny		2021
PL	Polska	PL921	3	Radomski		2021
PL	Polska	PL922	3	Ciechanowski		2021
PL	Polska	PL923	3	Płocki		2021
PL	Polska	PL924	3	Ostrołęcki		2021
PL	Polska	PL925	3	Siedlecki		2021
PL	Polska	PL926	3	Żyrardowski		2021
PL	Polska	PLZ	1	Extra-Regio NUTS 1		2021
PL	Polska	PLZZ	2	Extra-Regio NUTS 2		2021
PL	Polska	PLZZZ	3	Extra-Regio NUTS 3		2021
PT	Portugal	PT	0	Portugal		2021
PT	Portugal	PT1	1	Continente		2021
PT	Portugal	PT11	2	Norte		2021
PT	Portugal	PT111	3	Alto Minho		2021
PT	Portugal	PT112	3	Cávado		2021
PT	Portugal	PT119	3	Ave		2021
PT	Portugal	PT11A	3	Área Metropolitana do Porto		2021
PT	Portugal	PT11B	3	Alto Tâmega		2021
PT	Portugal	PT11C	3	Tâmega e Sousa		2021
PT	Portugal	PT11D	3	Douro		2021
PT	Portugal	PT11E	3	Terras de Trás-os-Montes		2021
PT	Portugal	PT15	2	Algarve		2021
PT	Portugal	PT150	3	Algarve		2021
PT	Portugal	PT16	2	Centro (PT)		2021
PT	Portugal	PT16B	3	Oeste		2021
PT	Portugal	PT16D	3	Região de Aveiro		2021
PT	Portugal	PT16E	3	Região de Coimbra		2021
PT	Portugal	PT16F	3	Região de Leiria		2021
PT	Portugal	PT16G	3	Viseu Dão Lafões		2021
PT	Portugal	PT16H	3	Beira Baixa		2021
PT	Portugal	PT16I	3	Médio Tejo		2021
PT	Portugal	PT16J	3	Beiras e Serra da Estrela		2021
PT	Portugal	PT17	2	Área Metropolitana de Lisboa		2021
PT	Portugal	PT170	3	Área Metropolitana de Lisboa		2021
PT	Portugal	PT18	2	Alentejo		2021
PT	Portugal	PT181	3	Alentejo Litoral		2021
PT	Portugal	PT184	3	Baixo Alentejo		2021
PT	Portugal	PT185	3	Lezíria do Tejo		2021
PT	Portugal	PT186	3	Alto Alentejo		2021
PT	Portugal	PT187	3	Alentejo Central		2021
PT	Portugal	PT2	1	Região Autónoma dos Açores		2021
PT	Portugal	PT20	2	Região Autónoma dos Açores		2021
PT	Portugal	PT200	3	Região Autónoma dos Açores		2021
PT	Portugal	PT3	1	Região Autónoma da Madeira		2021
PT	Portugal	PT30	2	Região Autónoma da Madeira		2021
PT	Portugal	PT300	3	Região Autónoma da Madeira		2021
PT	Portugal	PTZ	1	Extra-Regio NUTS 1		2021
PT	Portugal	PTZZ	2	Extra-Regio NUTS 2		2021
PT	Portugal	PTZZZ	3	Extra-Regio NUTS 3		2021
RO	România	RO	0	România	Romania	2021
RO	România	RO1	1	Macroregiunea Unu		2021
RO	România	RO11	2	Nord-Vest		2021
RO	România	RO111	3	Bihor		2021
RO	România	RO112	3	Bistriţa-Năsăud		2021
RO	România	RO113	3	Cluj		2021
RO	România	RO114	3	Maramureş		2021
RO	România	RO115	3	Satu Mare		2021
RO	România	RO116	3	Sălaj		2021
RO	România	RO12	2	Centru		2021
RO	România	RO121	3	Alba		2021
RO	România	RO122	3	Braşov		2021
RO	România	RO123	3	Covasna		2021
RO	România	RO124	3	Harghita		2021
RO	România	RO125	3	Mureş		2021
RO	România	RO126	3	Sibiu		2021
RO	România	RO2	1	Macroregiunea Doi		2021
RO	România	RO21	2	Nord-Est		2021
RO	România	RO211	3	Bacău		2021
RO	România	RO212	3	Botoşani		2021
RO	România	RO213	3	Iaşi		2021
RO	România	RO214	3	Neamţ		2021
RO	România	RO215	3	Suceava		2021
RO	România	RO216	3	Vaslui		2021
RO	România	RO22	2	Sud-Est		2021
RO	România	RO221	3	Brăila		2021
RO	România	RO222	3	Buzău		2021
RO	România	RO223	3	Constanţa		2021
RO	România	RO224	3	Galaţi		2021
RO	România	RO225	3	Tulcea		2021
RO	România	RO226	3	Vrancea		2021
RO	România	RO3	1	Macroregiunea Trei		2021
RO	România	RO31	2	Sud-Muntenia		2021
RO	România	RO311	3	Argeş		2021
RO	România	RO312	3	Călăraşi		2021
RO	România	RO313	3	Dâmboviţa		2021
RO	România	RO314	3	Giurgiu		2021
RO	România	RO315	3	Ialomiţa		2021
RO	România	RO316	3	Prahova		2021
RO	România	RO317	3	Teleorman		2021
RO	România	RO32	2	Bucureşti-Ilfov		2021
RO	România	RO321	3	Bucureşti		2021
RO	România	RO322	3	Ilfov		2021
RO	România	RO4	1	Macroregiunea Patru		2021
RO	România	RO41	2	Sud-Vest Oltenia		2021
RO	România	RO411	3	Dolj		2021
RO	România	RO412	3	Gorj		2021
RO	România	RO413	3	Mehedinţi		2021
RO	România	RO414	3	Olt		2021
RO	România	RO415	3	Vâlcea		2021
RO	România	RO42	2	Vest		2021
RO	România	RO421	3	Arad		2021
RO	România	RO422	3	Caraş-Severin		2021
RO	România	RO423	3	Hunedoara		2021
RO	România	RO424	3	Timiş		2021
RO	România	ROZ	1	Extra-Regio NUTS 1		2021
RO	România	ROZZ	2	Extra-Regio NUTS 2		2021
RO	România	ROZZZ	3	Extra-Regio NUTS 3		2021
RS	Srbija/Сpбија	RS	0	Srbija/Сpбија	Serbia	2021
RS	Srbija/Сpбија	RS1	1	Србија - север 	Serbia - sever	2021
RS	Srbija/Сpбија	RS11	2	Београдски регион	City of Belgrade	2021
RS	Srbija/Сpбија	RS110	3	Београдска област	City of Belgrade	2021
RS	Srbija/Сpбија	RS12	2	Регион Војводине	Autonomous Province of Vojvodina	2021
RS	Srbija/Сpбија	RS121	3	Западнобачка област	Zapadnobačka oblast 	2021
RS	Srbija/Сpбија	RS122	3	Јужнобанатска област	Južnobanatska oblast	2021
RS	Srbija/Сpбија	RS123	3	Јужнобачка област	Južnobačka oblast	2021
RS	Srbija/Сpбија	RS124	3	Севернобанатска област	Severnobanatska oblast	2021
RS	Srbija/Сpбија	RS125	3	Севернобачка област	Severnobačka oblast	2021
RS	Srbija/Сpбија	RS126	3	Средњобанатска област	Srednjobanatska oblast	2021
RS	Srbija/Сpбија	RS127	3	Сремска област	Sremska oblast	2021
RS	Srbija/Сpбија	RS2	1	Србија - југ 	Serbia - jug 	2021
RS	Srbija/Сpбија	RS21	2	Регион Шумадије и Западне Србије	Region Šumadije i Zapadne Srbije	2021
RS	Srbija/Сpбија	RS211	3	Златиборска област	Zlatiborska oblast	2021
RS	Srbija/Сpбија	RS212	3	Колубарска област	Kolubarska oblast	2021
RS	Srbija/Сpбија	RS213	3	Мачванска област	Mačvanska oblast	2021
RS	Srbija/Сpбија	RS214	3	Моравичка област	Moravička oblast	2021
RS	Srbija/Сpбија	RS215	3	Поморавска област	Pomoravska oblast	2021
RS	Srbija/Сpбија	RS216	3	Расинска област	Rasinska oblast	2021
RS	Srbija/Сpбија	RS217	3	Рашка област	Raška oblast	2021
RS	Srbija/Сpбија	RS218	3	Шумадијска област	Šumadijska oblast	2021
RS	Srbija/Сpбија	RS22	2	Регион Јужне и Источне Србије	Region Južne i Istočne Srbije	2021
RS	Srbija/Сpбија	RS221	3	Борска област	Borska oblast	2021
RS	Srbija/Сpбија	RS222	3	Браничевска област	Braničevska oblast	2021
RS	Srbija/Сpбија	RS223	3	Зајечарска област	Zaječarska oblast	2021
RS	Srbija/Сpбија	RS224	3	Јабланичка област	Jablanička oblast	2021
RS	Srbija/Сpбија	RS225	3	Нишавска област	Nišavska oblast	2021
RS	Srbija/Сpбија	RS226	3	Пиротска област	Pirotska oblast	2021
RS	Srbija/Сpбија	RS227	3	Подунавска област	Podunavska oblast	2021
RS	Srbija/Сpбија	RS228	3	Пчињска област	Pčinjska oblast	2021
RS	Srbija/Сpбија	RS229	3	Топличка област	Toplička oblast	2021
RS	Srbija/Сpбија	RSZ	1	Extra-Regio NUTS 1	Extra-Regio NUTS 1	2021
RS	Srbija/Сpбија	RSZZ	2	Extra-Regio NUTS 2	Extra-Regio NUTS 2	2021
RS	Srbija/Сpбија	RSZZZ	3	Extra-Regio NUTS 3	Extra-Regio NUTS 3	2021
SE	Sverige	SE	0	Sverige	Sweden	2021
SE	Sverige	SE1	1	Östra Sverige		2021
SE	Sverige	SE11	2	Stockholm		2021
SE	Sverige	SE110	3	Stockholms län		2021
SE	Sverige	SE12	2	Östra Mellansverige		2021
SE	Sverige	SE121	3	Uppsala län		2021
SE	Sverige	SE122	3	Södermanlands län		2021
SE	Sverige	SE123	3	Östergötlands län		2021
SE	Sverige	SE124	3	Örebro län		2021
SE	Sverige	SE125	3	Västmanlands län		2021
SE	Sverige	SE2	1	Södra Sverige		2021
SE	Sverige	SE21	2	Småland med öarna		2021
SE	Sverige	SE211	3	Jönköpings län		2021
SE	Sverige	SE212	3	Kronobergs län		2021
SE	Sverige	SE213	3	Kalmar län		2021
SE	Sverige	SE214	3	Gotlands län		2021
SE	Sverige	SE22	2	Sydsverige		2021
SE	Sverige	SE221	3	Blekinge län		2021
SE	Sverige	SE224	3	Skåne län		2021
SE	Sverige	SE23	2	Västsverige		2021
SE	Sverige	SE231	3	Hallands län		2021
SE	Sverige	SE232	3	Västra Götalands län		2021
SE	Sverige	SE3	1	Norra Sverige		2021
SE	Sverige	SE31	2	Norra Mellansverige		2021
SE	Sverige	SE311	3	Värmlands län		2021
SE	Sverige	SE312	3	Dalarnas län		2021
SE	Sverige	SE313	3	Gävleborgs län		2021
SE	Sverige	SE32	2	Mellersta Norrland		2021
SE	Sverige	SE321	3	Västernorrlands län		2021
SE	Sverige	SE322	3	Jämtlands län		2021
SE	Sverige	SE33	2	Övre Norrland		2021
SE	Sverige	SE331	3	Västerbottens län		2021
SE	Sverige	SE332	3	Norrbottens län		2021
SE	Sverige	SEZ	1	Extra-Regio NUTS 1		2021
SE	Sverige	SEZZ	2	Extra-Regio NUTS 2		2021
SE	Sverige	SEZZZ	3	Extra-Regio NUTS 3		2021
SI	Slovenija	SI	0	Slovenija	Slovenia	2021
SI	Slovenija	SI0	1	Slovenija	Slovenia	2021
SI	Slovenija	SI03	2	Vzhodna Slovenija		2021
SI	Slovenija	SI031	3	Pomurska		2021
SI	Slovenija	SI032	3	Podravska		2021
SI	Slovenija	SI033	3	Koroška		2021
SI	Slovenija	SI034	3	Savinjska		2021
SI	Slovenija	SI035	3	Zasavska		2021
SI	Slovenija	SI036	3	Posavska		2021
SI	Slovenija	SI037	3	Jugovzhodna Slovenija		2021
SI	Slovenija	SI038	3	Primorsko-notranjska		2021
SI	Slovenija	SI04	2	Zahodna Slovenija		2021
SI	Slovenija	SI041	3	Osrednjeslovenska		2021
SI	Slovenija	SI042	3	Gorenjska		2021
SI	Slovenija	SI043	3	Goriška		2021
SI	Slovenija	SI044	3	Obalno-kraška		2021
SI	Slovenija	SIZ	1	Extra-Regio NUTS 1		2021
SI	Slovenija	SIZZ	2	Extra-Regio NUTS 2		2021
SI	Slovenija	SIZZZ	3	Extra-Regio NUTS 3		2021
SK	Slovensko	SK	0	Slovensko	Slovakia	2021
SK	Slovensko	SK0	1	Slovensko	Slovakia	2021
SK	Slovensko	SK01	2	Bratislavský kraj		2021
SK	Slovensko	SK010	3	Bratislavský kraj		2021
SK	Slovensko	SK02	2	Západné Slovensko		2021
SK	Slovensko	SK021	3	Trnavský kraj		2021
SK	Slovensko	SK022	3	Trenčiansky kraj		2021
SK	Slovensko	SK023	3	Nitriansky kraj		2021
SK	Slovensko	SK03	2	Stredné Slovensko		2021
SK	Slovensko	SK031	3	Žilinský kraj		2021
SK	Slovensko	SK032	3	Banskobystrický kraj		2021
SK	Slovensko	SK04	2	Východné Slovensko		2021
SK	Slovensko	SK041	3	Prešovský kraj		2021
SK	Slovensko	SK042	3	Košický kraj		2021
SK	Slovensko	SKZ	1	Extra-Regio NUTS 1		2021
SK	Slovensko	SKZZ	2	Extra-Regio NUTS 2		2021
SK	Slovensko	SKZZZ	3	Extra-Regio NUTS 3		2021
TR	Türkiye	TR	0	Türkiye	Turkey	2021
TR	Türkiye	TR1	1	İstanbul		2021
TR	Türkiye	TR10	2	İstanbul		2021
TR	Türkiye	TR100	3	İstanbul		2021
TR	Türkiye	TR2	1	Batı Marmara		2021
TR	Türkiye	TR21	2	Tekirdağ, Edirne, Kırklareli		2021
TR	Türkiye	TR211	3	Tekirdağ		2021
TR	Türkiye	TR212	3	Edirne		2021
TR	Türkiye	TR213	3	Kırklareli		2021
TR	Türkiye	TR22	2	Balıkesir, Çanakkale		2021
TR	Türkiye	TR221	3	Balıkesir		2021
TR	Türkiye	TR222	3	Çanakkale		2021
TR	Türkiye	TR3	1	Ege		2021
TR	Türkiye	TR31	2	İzmir		2021
TR	Türkiye	TR310	3	İzmir		2021
TR	Türkiye	TR32	2	Aydın, Denizli, Muğla		2021
TR	Türkiye	TR321	3	Aydın		2021
TR	Türkiye	TR322	3	Denizli		2021
TR	Türkiye	TR323	3	Muğla		2021
TR	Türkiye	TR33	2	Manisa, Afyonkarahisar, Kütahya, Uşak		2021
TR	Türkiye	TR331	3	Manisa		2021
TR	Türkiye	TR332	3	Afyonkarahisar		2021
TR	Türkiye	TR333	3	Kütahya		2021
TR	Türkiye	TR334	3	Uşak		2021
TR	Türkiye	TR4	1	Doğu Marmara		2021
TR	Türkiye	TR41	2	Bursa, Eskişehir, Bilecik		2021
TR	Türkiye	TR411	3	Bursa		2021
TR	Türkiye	TR412	3	Eskişehir		2021
TR	Türkiye	TR413	3	Bilecik		2021
TR	Türkiye	TR42	2	Kocaeli, Sakarya, Düzce, Bolu, Yalova		2021
TR	Türkiye	TR421	3	Kocaeli		2021
TR	Türkiye	TR422	3	Sakarya		2021
TR	Türkiye	TR423	3	Düzce		2021
TR	Türkiye	TR424	3	Bolu		2021
TR	Türkiye	TR425	3	Yalova		2021
TR	Türkiye	TR5	1	Batı Anadolu		2021
TR	Türkiye	TR51	2	Ankara		2021
TR	Türkiye	TR510	3	Ankara		2021
TR	Türkiye	TR52	2	Konya, Karaman		2021
TR	Türkiye	TR521	3	Konya		2021
TR	Türkiye	TR522	3	Karaman		2021
TR	Türkiye	TR6	1	Akdeniz		2021
TR	Türkiye	TR61	2	Antalya, Isparta, Burdur		2021
TR	Türkiye	TR611	3	Antalya		2021
TR	Türkiye	TR612	3	Isparta		2021
TR	Türkiye	TR613	3	Burdur		2021
TR	Türkiye	TR62	2	Adana, Mersin		2021
TR	Türkiye	TR621	3	Adana		2021
TR	Türkiye	TR622	3	Mersin		2021
TR	Türkiye	TR63	2	Hatay, Kahramanmaraş, Osmaniye		2021
TR	Türkiye	TR631	3	Hatay		2021
TR	Türkiye	TR632	3	Kahramanmaraş		2021
TR	Türkiye	TR633	3	Osmaniye		2021
TR	Türkiye	TR7	1	Orta Anadolu		2021
TR	Türkiye	TR71	2	Kırıkkale, Aksaray, Niğde, Nevşehir, Kırşehir		2021
TR	Türkiye	TR711	3	Kırıkkale		2021
TR	Türkiye	TR712	3	Aksaray		2021
TR	Türkiye	TR713	3	Niğde		2021
TR	Türkiye	TR714	3	Nevşehir		2021
TR	Türkiye	TR715	3	Kırşehir		2021
TR	Türkiye	TR72	2	Kayseri, Sivas, Yozgat		2021
TR	Türkiye	TR721	3	Kayseri		2021
TR	Türkiye	TR722	3	Sivas		2021
TR	Türkiye	TR723	3	Yozgat		2021
TR	Türkiye	TR8	1	Batı Karadeniz		2021
TR	Türkiye	TR81	2	Zonguldak, Karabük, Bartın		2021
TR	Türkiye	TR811	3	Zonguldak		2021
TR	Türkiye	TR812	3	Karabük		2021
TR	Türkiye	TR813	3	Bartın		2021
TR	Türkiye	TR82	2	Kastamonu, Çankırı, Sinop		2021
TR	Türkiye	TR821	3	Kastamonu		2021
TR	Türkiye	TR822	3	Çankırı		2021
TR	Türkiye	TR823	3	Sinop		2021
TR	Türkiye	TR83	2	Samsun, Tokat, Çorum, Amasya		2021
TR	Türkiye	TR831	3	Samsun		2021
TR	Türkiye	TR832	3	Tokat		2021
TR	Türkiye	TR833	3	Çorum		2021
TR	Türkiye	TR834	3	Amasya		2021
TR	Türkiye	TR9	1	Doğu Karadeniz		2021
TR	Türkiye	TR90	2	Trabzon, Ordu, Giresun, Rize, Artvin, Gümüşhane		2021
TR	Türkiye	TR901	3	Trabzon		2021
TR	Türkiye	TR902	3	Ordu		2021
TR	Türkiye	TR903	3	Giresun		2021
TR	Türkiye	TR904	3	Rize		2021
TR	Türkiye	TR905	3	Artvin		2021
TR	Türkiye	TR906	3	Gümüşhane		2021
TR	Türkiye	TRA	1	Kuzeydoğu Anadolu		2021
TR	Türkiye	TRA1	2	Erzurum, Erzincan, Bayburt		2021
TR	Türkiye	TRA11	3	Erzurum		2021
TR	Türkiye	TRA12	3	Erzincan		2021
TR	Türkiye	TRA13	3	Bayburt		2021
TR	Türkiye	TRA2	2	Ağrı, Kars, Iğdır, Ardahan		2021
TR	Türkiye	TRA21	3	Ağrı		2021
TR	Türkiye	TRA22	3	Kars		2021
TR	Türkiye	TRA23	3	Iğdır		2021
TR	Türkiye	TRA24	3	Ardahan		2021
TR	Türkiye	TRB	1	Ortadoğu Anadolu		2021
TR	Türkiye	TRB1	2	Malatya, Elazığ, Bingöl, Tunceli		2021
TR	Türkiye	TRB11	3	Malatya		2021
TR	Türkiye	TRB12	3	Elazığ		2021
TR	Türkiye	TRB13	3	Bingöl		2021
TR	Türkiye	TRB14	3	Tunceli		2021
TR	Türkiye	TRB2	2	Van, Muş, Bitlis, Hakkari		2021
TR	Türkiye	TRB21	3	Van		2021
TR	Türkiye	TRB22	3	Muş		2021
TR	Türkiye	TRB23	3	Bitlis		2021
TR	Türkiye	TRB24	3	Hakkari		2021
TR	Türkiye	TRC	1	Güneydoğu Anadolu		2021
TR	Türkiye	TRC1	2	Gaziantep, Adıyaman, Kilis		2021
TR	Türkiye	TRC11	3	Gaziantep		2021
TR	Türkiye	TRC12	3	Adıyaman		2021
TR	Türkiye	TRC13	3	Kilis		2021
TR	Türkiye	TRC2	2	Şanlıurfa, Diyarbakır		2021
TR	Türkiye	TRC21	3	Şanlıurfa		2021
TR	Türkiye	TRC22	3	Diyarbakır		2021
TR	Türkiye	TRC3	2	Mardin, Batman, Şırnak, Siirt		2021
TR	Türkiye	TRC31	3	Mardin		2021
TR	Türkiye	TRC32	3	Batman		2021
TR	Türkiye	TRC33	3	Şırnak		2021
TR	Türkiye	TRC34	3	Siirt		2021
TR	Türkiye	TRZ	1	Extra-Regio NUTS 1		2021
TR	Türkiye	TRZZ	2	Extra-Regio NUTS 2		2021
TR	Türkiye	TRZZZ	3	Extra-Regio NUTS 3		2021
GB	United Kingdom	UK	0	United Kingdom		2021
GB	United Kingdom	UKC	1	North East (England)		2021
GB	United Kingdom	UKC1	2	Tees Valley and Durham		2021
GB	United Kingdom	UKC11	3	Hartlepool and Stockton-on-Tees		2021
GB	United Kingdom	UKC12	3	South Teesside		2021
GB	United Kingdom	UKC13	3	Darlington		2021
GB	United Kingdom	UKC14	3	Durham CC		2021
GB	United Kingdom	UKC2	2	Northumberland and Tyne and Wear		2021
GB	United Kingdom	UKC21	3	Northumberland		2021
GB	United Kingdom	UKC22	3	Tyneside		2021
GB	United Kingdom	UKC23	3	Sunderland		2021
GB	United Kingdom	UKD	1	North West (England)		2021
GB	United Kingdom	UKD1	2	Cumbria		2021
GB	United Kingdom	UKD11	3	West Cumbria		2021
GB	United Kingdom	UKD12	3	East Cumbria		2021
GB	United Kingdom	UKD3	2	Greater Manchester		2021
GB	United Kingdom	UKD33	3	Manchester		2021
GB	United Kingdom	UKD34	3	Greater Manchester South West		2021
GB	United Kingdom	UKD35	3	Greater Manchester South East		2021
GB	United Kingdom	UKD36	3	Greater Manchester North West		2021
GB	United Kingdom	UKD37	3	Greater Manchester North East		2021
GB	United Kingdom	UKD4	2	Lancashire		2021
GB	United Kingdom	UKD41	3	Blackburn with Darwen		2021
GB	United Kingdom	UKD42	3	Blackpool		2021
GB	United Kingdom	UKD44	3	Lancaster and Wyre		2021
GB	United Kingdom	UKD45	3	Mid Lancashire		2021
GB	United Kingdom	UKD46	3	East Lancashire		2021
GB	United Kingdom	UKD47	3	Chorley and West Lancashire		2021
GB	United Kingdom	UKD6	2	Cheshire		2021
GB	United Kingdom	UKD61	3	Warrington		2021
GB	United Kingdom	UKD62	3	Cheshire East		2021
GB	United Kingdom	UKD63	3	Cheshire West and Chester		2021
GB	United Kingdom	UKD7	2	Merseyside		2021
GB	United Kingdom	UKD71	3	East Merseyside		2021
GB	United Kingdom	UKD72	3	Liverpool		2021
GB	United Kingdom	UKD73	3	Sefton		2021
GB	United Kingdom	UKD74	3	Wirral		2021
GB	United Kingdom	UKE	1	Yorkshire and the Humber		2021
GB	United Kingdom	UKE1	2	East Yorkshire and Northern Lincolnshire		2021
GB	United Kingdom	UKE11	3	Kingston upon Hull, City of		2021
GB	United Kingdom	UKE12	3	East Riding of Yorkshire		2021
GB	United Kingdom	UKE13	3	North and North East Lincolnshire		2021
GB	United Kingdom	UKE2	2	North Yorkshire		2021
GB	United Kingdom	UKE21	3	York		2021
GB	United Kingdom	UKE22	3	North Yorkshire CC		2021
GB	United Kingdom	UKE3	2	South Yorkshire		2021
GB	United Kingdom	UKE31	3	Barnsley, Doncaster and Rotherham		2021
GB	United Kingdom	UKE32	3	Sheffield		2021
GB	United Kingdom	UKE4	2	West Yorkshire		2021
GB	United Kingdom	UKE41	3	Bradford		2021
GB	United Kingdom	UKE42	3	Leeds		2021
GB	United Kingdom	UKE44	3	Calderdale and Kirklees		2021
GB	United Kingdom	UKE45	3	Wakefield		2021
GB	United Kingdom	UKF	1	East Midlands (England)		2021
GB	United Kingdom	UKF1	2	Derbyshire and Nottinghamshire		2021
GB	United Kingdom	UKF11	3	Derby		2021
GB	United Kingdom	UKF12	3	East Derbyshire		2021
GB	United Kingdom	UKF13	3	South and West Derbyshire		2021
GB	United Kingdom	UKF14	3	Nottingham		2021
GB	United Kingdom	UKF15	3	North Nottinghamshire		2021
GB	United Kingdom	UKF16	3	South Nottinghamshire		2021
GB	United Kingdom	UKF2	2	Leicestershire, Rutland and Northamptonshire		2021
GB	United Kingdom	UKF21	3	Leicester		2021
GB	United Kingdom	UKF22	3	Leicestershire CC and Rutland		2021
GB	United Kingdom	UKF24	3	West Northamptonshire		2021
GB	United Kingdom	UKF25	3	North Northamptonshire		2021
GB	United Kingdom	UKF3	2	Lincolnshire		2021
GB	United Kingdom	UKF30	3	Lincolnshire		2021
GB	United Kingdom	UKG	1	West Midlands (England)		2021
GB	United Kingdom	UKG1	2	Herefordshire, Worcestershire and Warwickshire		2021
GB	United Kingdom	UKG11	3	Herefordshire, County of		2021
GB	United Kingdom	UKG12	3	Worcestershire		2021
GB	United Kingdom	UKG13	3	Warwickshire		2021
GB	United Kingdom	UKG2	2	Shropshire and Staffordshire		2021
GB	United Kingdom	UKG21	3	Telford and Wrekin		2021
GB	United Kingdom	UKG22	3	Shropshire CC		2021
GB	United Kingdom	UKG23	3	Stoke-on-Trent		2021
GB	United Kingdom	UKG24	3	Staffordshire CC		2021
GB	United Kingdom	UKG3	2	West Midlands		2021
GB	United Kingdom	UKG31	3	Birmingham		2021
GB	United Kingdom	UKG32	3	Solihull		2021
GB	United Kingdom	UKG33	3	Coventry		2021
GB	United Kingdom	UKG36	3	Dudley		2021
GB	United Kingdom	UKG37	3	Sandwell		2021
GB	United Kingdom	UKG38	3	Walsall		2021
GB	United Kingdom	UKG39	3	Wolverhampton		2021
GB	United Kingdom	UKH	1	East of England		2021
GB	United Kingdom	UKH1	2	East Anglia		2021
GB	United Kingdom	UKH11	3	Peterborough		2021
GB	United Kingdom	UKH12	3	Cambridgeshire CC		2021
GB	United Kingdom	UKH14	3	Suffolk		2021
GB	United Kingdom	UKH15	3	Norwich and East Norfolk		2021
GB	United Kingdom	UKH16	3	North and West Norfolk		2021
GB	United Kingdom	UKH17	3	Breckland and South Norfolk		2021
GB	United Kingdom	UKH2	2	Bedfordshire and Hertfordshire		2021
GB	United Kingdom	UKH21	3	Luton		2021
GB	United Kingdom	UKH23	3	Hertfordshire		2021
GB	United Kingdom	UKH24	3	Bedford		2021
GB	United Kingdom	UKH25	3	Central Bedfordshire		2021
GB	United Kingdom	UKH3	2	Essex		2021
GB	United Kingdom	UKH31	3	Southend-on-Sea		2021
GB	United Kingdom	UKH32	3	Thurrock		2021
GB	United Kingdom	UKH34	3	Essex Haven Gateway		2021
GB	United Kingdom	UKH35	3	West Essex		2021
GB	United Kingdom	UKH36	3	Heart of Essex		2021
GB	United Kingdom	UKH37	3	Essex Thames Gateway		2021
GB	United Kingdom	UKI	1	London		2021
GB	United Kingdom	UKI3	2	Inner London — West		2021
GB	United Kingdom	UKI31	3	Camden and City of London		2021
GB	United Kingdom	UKI32	3	Westminster		2021
GB	United Kingdom	UKI33	3	Kensington & Chelsea and Hammersmith & Fulham		2021
GB	United Kingdom	UKI34	3	Wandsworth		2021
GB	United Kingdom	UKI4	2	Inner London — East		2021
GB	United Kingdom	UKI41	3	Hackney and Newham		2021
GB	United Kingdom	UKI42	3	Tower Hamlets		2021
GB	United Kingdom	UKI43	3	Haringey and Islington		2021
GB	United Kingdom	UKI44	3	Lewisham and Southwark		2021
GB	United Kingdom	UKI45	3	Lambeth		2021
GB	United Kingdom	UKI5	2	Outer London — East and North East		2021
GB	United Kingdom	UKI51	3	Bexley and Greenwich		2021
GB	United Kingdom	UKI52	3	Barking & Dagenham and Havering		2021
GB	United Kingdom	UKI53	3	Redbridge and Waltham Forest		2021
GB	United Kingdom	UKI54	3	Enfield		2021
GB	United Kingdom	UKI6	2	Outer London — South		2021
GB	United Kingdom	UKI61	3	Bromley		2021
GB	United Kingdom	UKI62	3	Croydon		2021
GB	United Kingdom	UKI63	3	Merton, Kingston upon Thames and Sutton		2021
GB	United Kingdom	UKI7	2	Outer London — West and North West		2021
GB	United Kingdom	UKI71	3	Barnet		2021
GB	United Kingdom	UKI72	3	Brent		2021
GB	United Kingdom	UKI73	3	Ealing		2021
GB	United Kingdom	UKI74	3	Harrow and Hillingdon		2021
GB	United Kingdom	UKI75	3	Hounslow and Richmond upon Thames		2021
GB	United Kingdom	UKJ	1	South East (England)		2021
GB	United Kingdom	UKJ1	2	Berkshire, Buckinghamshire and Oxfordshire		2021
GB	United Kingdom	UKJ11	3	Berkshire		2021
GB	United Kingdom	UKJ12	3	Milton Keynes		2021
GB	United Kingdom	UKJ13	3	Buckinghamshire CC		2021
GB	United Kingdom	UKJ14	3	Oxfordshire		2021
GB	United Kingdom	UKJ2	2	Surrey, East and West Sussex		2021
GB	United Kingdom	UKJ21	3	Brighton and Hove		2021
GB	United Kingdom	UKJ22	3	East Sussex CC		2021
GB	United Kingdom	UKJ25	3	West Surrey		2021
GB	United Kingdom	UKJ26	3	East Surrey		2021
GB	United Kingdom	UKJ27	3	West Sussex (South West)		2021
GB	United Kingdom	UKJ28	3	West Sussex (North East)		2021
GB	United Kingdom	UKJ3	2	Hampshire and Isle of Wight		2021
GB	United Kingdom	UKJ31	3	Portsmouth		2021
GB	United Kingdom	UKJ32	3	Southampton		2021
GB	United Kingdom	UKJ34	3	Isle of Wight		2021
GB	United Kingdom	UKJ35	3	South Hampshire		2021
GB	United Kingdom	UKJ36	3	Central Hampshire		2021
GB	United Kingdom	UKJ37	3	North Hampshire		2021
GB	United Kingdom	UKJ4	2	Kent		2021
GB	United Kingdom	UKJ41	3	Medway		2021
GB	United Kingdom	UKJ43	3	Kent Thames Gateway		2021
GB	United Kingdom	UKJ44	3	East Kent		2021
GB	United Kingdom	UKJ45	3	Mid Kent		2021
GB	United Kingdom	UKJ46	3	West Kent		2021
GB	United Kingdom	UKK	1	South West (England)		2021
GB	United Kingdom	UKK1	2	Gloucestershire, Wiltshire and Bristol/Bath area		2021
GB	United Kingdom	UKK11	3	Bristol, City of		2021
GB	United Kingdom	UKK12	3	Bath and North East Somerset, North Somerset and South Gloucestershire		2021
GB	United Kingdom	UKK13	3	Gloucestershire		2021
GB	United Kingdom	UKK14	3	Swindon		2021
GB	United Kingdom	UKK15	3	Wiltshire CC		2021
GB	United Kingdom	UKK2	2	Dorset and Somerset		2021
GB	United Kingdom	UKK23	3	Somerset		2021
GB	United Kingdom	UKK24	3	Bournemouth, Christchurch and Poole		2021
GB	United Kingdom	UKK25	3	Dorset		2021
GB	United Kingdom	UKK3	2	Cornwall and Isles of Scilly		2021
GB	United Kingdom	UKK30	3	Cornwall and Isles of Scilly		2021
GB	United Kingdom	UKK4	2	Devon		2021
GB	United Kingdom	UKK41	3	Plymouth		2021
GB	United Kingdom	UKK42	3	Torbay		2021
GB	United Kingdom	UKK43	3	Devon CC		2021
GB	United Kingdom	UKL	1	Wales		2021
GB	United Kingdom	UKL1	2	West Wales and The Valleys		2021
GB	United Kingdom	UKL11	3	Isle of Anglesey		2021
GB	United Kingdom	UKL12	3	Gwynedd		2021
GB	United Kingdom	UKL13	3	Conwy and Denbighshire		2021
GB	United Kingdom	UKL14	3	South West Wales		2021
GB	United Kingdom	UKL15	3	Central Valleys		2021
GB	United Kingdom	UKL16	3	Gwent Valleys		2021
GB	United Kingdom	UKL17	3	Bridgend and Neath Port Talbot		2021
GB	United Kingdom	UKL18	3	Swansea		2021
GB	United Kingdom	UKL2	2	East Wales		2021
GB	United Kingdom	UKL21	3	Monmouthshire and Newport		2021
GB	United Kingdom	UKL22	3	Cardiff and Vale of Glamorgan		2021
GB	United Kingdom	UKL23	3	Flintshire and Wrexham		2021
GB	United Kingdom	UKL24	3	Powys		2021
GB	United Kingdom	UKM	1	Scotland		2021
GB	United Kingdom	UKM5	2	North Eastern Scotland		2021
GB	United Kingdom	UKM50	3	Aberdeen City and Aberdeenshire		2021
GB	United Kingdom	UKM6	2	Highlands and Islands		2021
GB	United Kingdom	UKM61	3	Caithness & Sutherland and Ross & Cromarty		2021
GB	United Kingdom	UKM62	3	Inverness & Nairn and Moray, Badenoch & Strathspey		2021
GB	United Kingdom	UKM63	3	Lochaber, Skye & Lochalsh, Arran & Cumbrae and Argyll & Bute		2021
GB	United Kingdom	UKM64	3	Na h-Eileanan Siar (Western Isles)		2021
GB	United Kingdom	UKM65	3	Orkney Islands		2021
GB	United Kingdom	UKM66	3	Shetland Islands		2021
GB	United Kingdom	UKM7	2	Eastern Scotland		2021
GB	United Kingdom	UKM71	3	Angus and Dundee City		2021
GB	United Kingdom	UKM72	3	Clackmannanshire and Fife		2021
GB	United Kingdom	UKM73	3	East Lothian and Midlothian		2021
GB	United Kingdom	UKM75	3	Edinburgh, City of		2021
GB	United Kingdom	UKM76	3	Falkirk		2021
GB	United Kingdom	UKM77	3	Perth & Kinross and Stirling		2021
GB	United Kingdom	UKM78	3	West Lothian		2021
GB	United Kingdom	UKM8	2	West Central Scotland		2021
GB	United Kingdom	UKM81	3	East Dunbartonshire, West Dunbartonshire and Helensburgh & Lomond		2021
GB	United Kingdom	UKM82	3	Glasgow City		2021
GB	United Kingdom	UKM83	3	Inverclyde, East Renfrewshire and Renfrewshire		2021
GB	United Kingdom	UKM84	3	North Lanarkshire		2021
GB	United Kingdom	UKM9	2	Southern Scotland		2021
GB	United Kingdom	UKM91	3	Scottish Borders		2021
GB	United Kingdom	UKM92	3	Dumfries & Galloway		2021
GB	United Kingdom	UKM93	3	East Ayrshire and North Ayrshire mainland		2021
GB	United Kingdom	UKM94	3	South Ayrshire		2021
GB	United Kingdom	UKM95	3	South Lanarkshire		2021
GB	United Kingdom	UKN	1	Northern Ireland		2021
GB	United Kingdom	UKN0	2	Northern Ireland		2021
GB	United Kingdom	UKN06	3	Belfast		2021
GB	United Kingdom	UKN07	3	Armagh City, Banbridge and Craigavon		2021
GB	United Kingdom	UKN08	3	Newry, Mourne and Down		2021
GB	United Kingdom	UKN09	3	Ards and North Down 		2021
GB	United Kingdom	UKN0A	3	Derry City and Strabane		2021
GB	United Kingdom	UKN0B	3	Mid Ulster		2021
GB	United Kingdom	UKN0C	3	Causeway Coast and Glens		2021
GB	United Kingdom	UKN0D	3	Antrim and Newtownabbey		2021
GB	United Kingdom	UKN0E	3	Lisburn and Castlereagh		2021
GB	United Kingdom	UKN0F	3	Mid and East Antrim		2021
GB	United Kingdom	UKN0G	3	Fermanagh and Omagh		2021
GB	United Kingdom	UKZ	1	Extra-Regio NUTS 1		2021
GB	United Kingdom	UKZZ	2	Extra-Regio NUTS 2		2021
GB	United Kingdom	UKZZZ	3	Extra-Regio NUTS 3		2021
